# --- !Ups

-- Adding users to database
INSERT INTO ups.user (id, first_name, last_name, password, email, type_of_user, post_office_id, token, validated) VALUES (1, 'Admin', 'BitTracking', 'e00cf25ad42683b3df678c61f42c6bda', 'admin@bitcamp.ba', '1', NULL, NULL, 1);
INSERT INTO ups.user (id, first_name, last_name, password, email, type_of_user, post_office_id, token, validated) VALUES (2, 'Mladen', 'Teofilovic', 'dff8206d22a9219f77c5094de90a5f83', 'mladen.teofilovic@bitcamp.ba', '3', NULL, NULL, 1);
INSERT INTO ups.user (id, first_name, last_name, password, email, type_of_user, post_office_id, token, validated) VALUES (3, 'Emina', 'Arapcic', 'dff8206d22a9219f77c5094de90a5f83', 'emina.arapcic@bitcamp.ba', '3', NULL, NULL, 1);
INSERT INTO ups.user (id, first_name, last_name, password, email, type_of_user, post_office_id, token, validated) VALUES (4, 'Kristina', 'Pupavac', 'dff8206d22a9219f77c5094de90a5f83', 'kristina.pupavac@bitcamp.ba', '3', NULL, NULL, 1);
INSERT INTO ups.user (id, first_name, last_name, password, email, type_of_user, post_office_id, token, validated) VALUES (5, 'Edin', 'Pilavdzic', 'dff8206d22a9219f77c5094de90a5f83', 'edin.pilavdzic@bitcamp.ba', '3', NULL, NULL, 1);
INSERT INTO ups.user (id, first_name, last_name, password, email, type_of_user, post_office_id, token, validated) VALUES (6, 'Ajdin', 'Brkic', 'dff8206d22a9219f77c5094de90a5f83', 'ajdin.brkic@bitcamp.ba', '3', NULL, NULL, 1);

INSERT INTO ups.country (id, country_code, country_name) VALUES (1, 'US', 'United States');
INSERT INTO ups.country (id, country_code, country_name) VALUES (2, 'CA', 'Canada');
INSERT INTO ups.country (id, country_code, country_name) VALUES (3, 'AF', 'Afghanistan');
INSERT INTO ups.country (id, country_code, country_name) VALUES (4, 'AL', 'Albania');
INSERT INTO ups.country (id, country_code, country_name) VALUES (5, 'DZ', 'Algeria');
INSERT INTO ups.country (id, country_code, country_name) VALUES (6, 'DS', 'American Samoa');
INSERT INTO ups.country (id, country_code, country_name) VALUES (7, 'AD', 'Andorra');
INSERT INTO ups.country (id, country_code, country_name) VALUES (8, 'AO', 'Angola');
INSERT INTO ups.country (id, country_code, country_name) VALUES (9, 'AI', 'Anguilla');
INSERT INTO ups.country (id, country_code, country_name) VALUES (10, 'AQ', 'Antarctica');
INSERT INTO ups.country (id, country_code, country_name) VALUES (11, 'AG', 'Antigua and/or Barbuda');
INSERT INTO ups.country (id, country_code, country_name) VALUES (12, 'AR', 'Argentina');
INSERT INTO ups.country (id, country_code, country_name) VALUES (13, 'AM', 'Armenia');
INSERT INTO ups.country (id, country_code, country_name) VALUES (14, 'AW', 'Aruba');
INSERT INTO ups.country (id, country_code, country_name) VALUES (15, 'AU', 'Australia');
INSERT INTO ups.country (id, country_code, country_name) VALUES (16, 'AT', 'Austria');
INSERT INTO ups.country (id, country_code, country_name) VALUES (17, 'AZ', 'Azerbaijan');
INSERT INTO ups.country (id, country_code, country_name) VALUES (18, 'BS', 'Bahamas');
INSERT INTO ups.country (id, country_code, country_name) VALUES (19, 'BH', 'Bahrain');
INSERT INTO ups.country (id, country_code, country_name) VALUES (20, 'BD', 'Bangladesh');
INSERT INTO ups.country (id, country_code, country_name) VALUES (21, 'BB', 'Barbados');
INSERT INTO ups.country (id, country_code, country_name) VALUES (22, 'BY', 'Belarus');
INSERT INTO ups.country (id, country_code, country_name) VALUES (23, 'BE', 'Belgium');
INSERT INTO ups.country (id, country_code, country_name) VALUES (24, 'BZ', 'Belize');
INSERT INTO ups.country (id, country_code, country_name) VALUES (25, 'BJ', 'Benin');
INSERT INTO ups.country (id, country_code, country_name) VALUES (26, 'BM', 'Bermuda');
INSERT INTO ups.country (id, country_code, country_name) VALUES (27, 'BT', 'Bhutan');
INSERT INTO ups.country (id, country_code, country_name) VALUES (28, 'BO', 'Bolivia');
INSERT INTO ups.country (id, country_code, country_name) VALUES (29, 'BA', 'Bosnia and Herzegovina');
INSERT INTO ups.country (id, country_code, country_name) VALUES (30, 'BW', 'Botswana');
INSERT INTO ups.country (id, country_code, country_name) VALUES (31, 'BV', 'Bouvet Island');
INSERT INTO ups.country (id, country_code, country_name) VALUES (32, 'BR', 'Brazil');
INSERT INTO ups.country (id, country_code, country_name) VALUES (33, 'IO', 'British Indian Ocean Territory');
INSERT INTO ups.country (id, country_code, country_name) VALUES (34, 'BN', 'Brunei Darussalam');
INSERT INTO ups.country (id, country_code, country_name) VALUES (35, 'BG', 'Bulgaria');
INSERT INTO ups.country (id, country_code, country_name) VALUES (36, 'BF', 'Burkina Faso');
INSERT INTO ups.country (id, country_code, country_name) VALUES (37, 'BI', 'Burundi');
INSERT INTO ups.country (id, country_code, country_name) VALUES (38, 'KH', 'Cambodia');
INSERT INTO ups.country (id, country_code, country_name) VALUES (39, 'CM', 'Cameroon');
INSERT INTO ups.country (id, country_code, country_name) VALUES (40, 'CV', 'Cape Verde');
INSERT INTO ups.country (id, country_code, country_name) VALUES (41, 'KY', 'Cayman Islands');
INSERT INTO ups.country (id, country_code, country_name) VALUES (42, 'CF', 'Central African Republic');
INSERT INTO ups.country (id, country_code, country_name) VALUES (43, 'TD', 'Chad');
INSERT INTO ups.country (id, country_code, country_name) VALUES (44, 'CL', 'Chile');
INSERT INTO ups.country (id, country_code, country_name) VALUES (45, 'CN', 'China');
INSERT INTO ups.country (id, country_code, country_name) VALUES (46, 'CX', 'Christmas Island');
INSERT INTO ups.country (id, country_code, country_name) VALUES (47, 'CC', 'Cocos (Keeling) Islands');
INSERT INTO ups.country (id, country_code, country_name) VALUES (48, 'CO', 'Colombia');
INSERT INTO ups.country (id, country_code, country_name) VALUES (49, 'KM', 'Comoros');
INSERT INTO ups.country (id, country_code, country_name) VALUES (50, 'CG', 'Congo');
INSERT INTO ups.country (id, country_code, country_name) VALUES (51, 'CK', 'Cook Islands');
INSERT INTO ups.country (id, country_code, country_name) VALUES (52, 'CR', 'Costa Rica');
INSERT INTO ups.country (id, country_code, country_name) VALUES (53, 'HR', 'Croatia (Hrvatska)');
INSERT INTO ups.country (id, country_code, country_name) VALUES (54, 'CU', 'Cuba');
INSERT INTO ups.country (id, country_code, country_name) VALUES (55, 'CY', 'Cyprus');
INSERT INTO ups.country (id, country_code, country_name) VALUES (56, 'CZ', 'Czech Republic');
INSERT INTO ups.country (id, country_code, country_name) VALUES (57, 'DK', 'Denmark');
INSERT INTO ups.country (id, country_code, country_name) VALUES (58, 'DJ', 'Djibouti');
INSERT INTO ups.country (id, country_code, country_name) VALUES (59, 'DM', 'Dominica');
INSERT INTO ups.country (id, country_code, country_name) VALUES (60, 'DO', 'Dominican Republic');
INSERT INTO ups.country (id, country_code, country_name) VALUES (61, 'TP', 'East Timor');
INSERT INTO ups.country (id, country_code, country_name) VALUES (62, 'EC', 'Ecuador');
INSERT INTO ups.country (id, country_code, country_name) VALUES (63, 'EG', 'Egypt');
INSERT INTO ups.country (id, country_code, country_name) VALUES (64, 'SV', 'El Salvador');
INSERT INTO ups.country (id, country_code, country_name) VALUES (65, 'GQ', 'Equatorial Guinea');
INSERT INTO ups.country (id, country_code, country_name) VALUES (66, 'ER', 'Eritrea');
INSERT INTO ups.country (id, country_code, country_name) VALUES (67, 'EE', 'Estonia');
INSERT INTO ups.country (id, country_code, country_name) VALUES (68, 'ET', 'Ethiopia');
INSERT INTO ups.country (id, country_code, country_name) VALUES (69, 'FK', 'Falkland Islands (Malvinas)');
INSERT INTO ups.country (id, country_code, country_name) VALUES (70, 'FO', 'Faroe Islands');
INSERT INTO ups.country (id, country_code, country_name) VALUES (71, 'FJ', 'Fiji');
INSERT INTO ups.country (id, country_code, country_name) VALUES (72, 'FI', 'Finland');
INSERT INTO ups.country (id, country_code, country_name) VALUES (73, 'FR', 'France');
INSERT INTO ups.country (id, country_code, country_name) VALUES (74, 'FX', 'France, Metropolitan');
INSERT INTO ups.country (id, country_code, country_name) VALUES (75, 'GF', 'French Guiana');
INSERT INTO ups.country (id, country_code, country_name) VALUES (76, 'PF', 'French Polynesia');
INSERT INTO ups.country (id, country_code, country_name) VALUES (77, 'TF', 'French Southern Territories');
INSERT INTO ups.country (id, country_code, country_name) VALUES (78, 'GA', 'Gabon');
INSERT INTO ups.country (id, country_code, country_name) VALUES (79, 'GM', 'Gambia');
INSERT INTO ups.country (id, country_code, country_name) VALUES (80, 'GE', 'Georgia');
INSERT INTO ups.country (id, country_code, country_name) VALUES (81, 'DE', 'Germany');
INSERT INTO ups.country (id, country_code, country_name) VALUES (82, 'GH', 'Ghana');
INSERT INTO ups.country (id, country_code, country_name) VALUES (83, 'GI', 'Gibraltar');
INSERT INTO ups.country (id, country_code, country_name) VALUES (246, 'GK', 'Guernsey');
INSERT INTO ups.country (id, country_code, country_name) VALUES (84, 'GR', 'Greece');
INSERT INTO ups.country (id, country_code, country_name) VALUES (85, 'GL', 'Greenland');
INSERT INTO ups.country (id, country_code, country_name) VALUES (86, 'GD', 'Grenada');
INSERT INTO ups.country (id, country_code, country_name) VALUES (87, 'GP', 'Guadeloupe');
INSERT INTO ups.country (id, country_code, country_name) VALUES (88, 'GU', 'Guam');
INSERT INTO ups.country (id, country_code, country_name) VALUES (89, 'GT', 'Guatemala');
INSERT INTO ups.country (id, country_code, country_name) VALUES (90, 'GN', 'Guinea');
INSERT INTO ups.country (id, country_code, country_name) VALUES (91, 'GW', 'Guinea-Bissau');
INSERT INTO ups.country (id, country_code, country_name) VALUES (92, 'GY', 'Guyana');
INSERT INTO ups.country (id, country_code, country_name) VALUES (93, 'HT', 'Haiti');
INSERT INTO ups.country (id, country_code, country_name) VALUES (94, 'HM', 'Heard and Mc Donald Islands');
INSERT INTO ups.country (id, country_code, country_name) VALUES (95, 'HN', 'Honduras');
INSERT INTO ups.country (id, country_code, country_name) VALUES (96, 'HK', 'Hong Kong');
INSERT INTO ups.country (id, country_code, country_name) VALUES (97, 'HU', 'Hungary');
INSERT INTO ups.country (id, country_code, country_name) VALUES (98, 'IS', 'Iceland');
INSERT INTO ups.country (id, country_code, country_name) VALUES (99, 'IN', 'India');
INSERT INTO ups.country (id, country_code, country_name) VALUES (244, 'IM', 'Isle of Man');
INSERT INTO ups.country (id, country_code, country_name) VALUES (100, 'ID', 'Indonesia');
INSERT INTO ups.country (id, country_code, country_name) VALUES (101, 'IR', 'Iran (Islamic Republic of)');
INSERT INTO ups.country (id, country_code, country_name) VALUES (102, 'IQ', 'Iraq');
INSERT INTO ups.country (id, country_code, country_name) VALUES (103, 'IE', 'Ireland');
INSERT INTO ups.country (id, country_code, country_name) VALUES (104, 'IL', 'Israel');
INSERT INTO ups.country (id, country_code, country_name) VALUES (105, 'IT', 'Italy');
INSERT INTO ups.country (id, country_code, country_name) VALUES (106, 'CI', 'Ivory Coast');
INSERT INTO ups.country (id, country_code, country_name) VALUES (245, 'JE', 'Jersey');
INSERT INTO ups.country (id, country_code, country_name) VALUES (107, 'JM', 'Jamaica');
INSERT INTO ups.country (id, country_code, country_name) VALUES (108, 'JP', 'Japan');
INSERT INTO ups.country (id, country_code, country_name) VALUES (109, 'JO', 'Jordan');
INSERT INTO ups.country (id, country_code, country_name) VALUES (110, 'KZ', 'Kazakhstan');
INSERT INTO ups.country (id, country_code, country_name) VALUES (111, 'KE', 'Kenya');
INSERT INTO ups.country (id, country_code, country_name) VALUES (112, 'KI', 'Kiribati');
INSERT INTO ups.country (id, country_code, country_name) VALUES (113, 'KP', 'Korea, Democratic People''s Republic of');
INSERT INTO ups.country (id, country_code, country_name) VALUES (114, 'KR', 'Korea, Republic of');
INSERT INTO ups.country (id, country_code, country_name) VALUES (115, 'XK', 'Kosovo');
INSERT INTO ups.country (id, country_code, country_name) VALUES (116, 'KW', 'Kuwait');
INSERT INTO ups.country (id, country_code, country_name) VALUES (117, 'KG', 'Kyrgyzstan');
INSERT INTO ups.country (id, country_code, country_name) VALUES (118, 'LA', 'Lao People''s Democratic Republic');
INSERT INTO ups.country (id, country_code, country_name) VALUES (119, 'LV', 'Latvia');
INSERT INTO ups.country (id, country_code, country_name) VALUES (120, 'LB', 'Lebanon');
INSERT INTO ups.country (id, country_code, country_name) VALUES (121, 'LS', 'Lesotho');
INSERT INTO ups.country (id, country_code, country_name) VALUES (122, 'LR', 'Liberia');
INSERT INTO ups.country (id, country_code, country_name) VALUES (123, 'LY', 'Libyan Arab Jamahiriya');
INSERT INTO ups.country (id, country_code, country_name) VALUES (124, 'LI', 'Liechtenstein');
INSERT INTO ups.country (id, country_code, country_name) VALUES (125, 'LT', 'Lithuania');
INSERT INTO ups.country (id, country_code, country_name) VALUES (126, 'LU', 'Luxembourg');
INSERT INTO ups.country (id, country_code, country_name) VALUES (127, 'MO', 'Macau');
INSERT INTO ups.country (id, country_code, country_name) VALUES (128, 'MK', 'Macedonia');
INSERT INTO ups.country (id, country_code, country_name) VALUES (129, 'MG', 'Madagascar');
INSERT INTO ups.country (id, country_code, country_name) VALUES (130, 'MW', 'Malawi');
INSERT INTO ups.country (id, country_code, country_name) VALUES (131, 'MY', 'Malaysia');
INSERT INTO ups.country (id, country_code, country_name) VALUES (132, 'MV', 'Maldives');
INSERT INTO ups.country (id, country_code, country_name) VALUES (133, 'ML', 'Mali');
INSERT INTO ups.country (id, country_code, country_name) VALUES (134, 'MT', 'Malta');
INSERT INTO ups.country (id, country_code, country_name) VALUES (135, 'MH', 'Marshall Islands');
INSERT INTO ups.country (id, country_code, country_name) VALUES (136, 'MQ', 'Martinique');
INSERT INTO ups.country (id, country_code, country_name) VALUES (137, 'MR', 'Mauritania');
INSERT INTO ups.country (id, country_code, country_name) VALUES (138, 'MU', 'Mauritius');
INSERT INTO ups.country (id, country_code, country_name) VALUES (139, 'TY', 'Mayotte');
INSERT INTO ups.country (id, country_code, country_name) VALUES (140, 'MX', 'Mexico');
INSERT INTO ups.country (id, country_code, country_name) VALUES (141, 'FM', 'Micronesia, Federated States of');
INSERT INTO ups.country (id, country_code, country_name) VALUES (142, 'MD', 'Moldova, Republic of');
INSERT INTO ups.country (id, country_code, country_name) VALUES (143, 'MC', 'Monaco');
INSERT INTO ups.country (id, country_code, country_name) VALUES (144, 'MN', 'Mongolia');
INSERT INTO ups.country (id, country_code, country_name) VALUES (145, 'ME', 'Montenegro');
INSERT INTO ups.country (id, country_code, country_name) VALUES (146, 'MS', 'Montserrat');
INSERT INTO ups.country (id, country_code, country_name) VALUES (147, 'MA', 'Morocco');
INSERT INTO ups.country (id, country_code, country_name) VALUES (148, 'MZ', 'Mozambique');
INSERT INTO ups.country (id, country_code, country_name) VALUES (149, 'MM', 'Myanmar');
INSERT INTO ups.country (id, country_code, country_name) VALUES (150, 'NA', 'Namibia');
INSERT INTO ups.country (id, country_code, country_name) VALUES (151, 'NR', 'Nauru');
INSERT INTO ups.country (id, country_code, country_name) VALUES (152, 'NP', 'Nepal');
INSERT INTO ups.country (id, country_code, country_name) VALUES (153, 'NL', 'Netherlands');
INSERT INTO ups.country (id, country_code, country_name) VALUES (154, 'AN', 'Netherlands Antilles');
INSERT INTO ups.country (id, country_code, country_name) VALUES (155, 'NC', 'New Caledonia');
INSERT INTO ups.country (id, country_code, country_name) VALUES (156, 'NZ', 'New Zealand');
INSERT INTO ups.country (id, country_code, country_name) VALUES (157, 'NI', 'Nicaragua');
INSERT INTO ups.country (id, country_code, country_name) VALUES (158, 'NE', 'Niger');
INSERT INTO ups.country (id, country_code, country_name) VALUES (159, 'NG', 'Nigeria');
INSERT INTO ups.country (id, country_code, country_name) VALUES (160, 'NU', 'Niue');
INSERT INTO ups.country (id, country_code, country_name) VALUES (161, 'NF', 'Norfolk Island');
INSERT INTO ups.country (id, country_code, country_name) VALUES (162, 'MP', 'Northern Mariana Islands');
INSERT INTO ups.country (id, country_code, country_name) VALUES (163, 'NO', 'Norway');
INSERT INTO ups.country (id, country_code, country_name) VALUES (164, 'OM', 'Oman');
INSERT INTO ups.country (id, country_code, country_name) VALUES (165, 'PK', 'Pakistan');
INSERT INTO ups.country (id, country_code, country_name) VALUES (166, 'PW', 'Palau');
INSERT INTO ups.country (id, country_code, country_name) VALUES (243, 'PS', 'Palestine');
INSERT INTO ups.country (id, country_code, country_name) VALUES (167, 'PA', 'Panama');
INSERT INTO ups.country (id, country_code, country_name) VALUES (168, 'PG', 'Papua New Guinea');
INSERT INTO ups.country (id, country_code, country_name) VALUES (169, 'PY', 'Paraguay');
INSERT INTO ups.country (id, country_code, country_name) VALUES (170, 'PE', 'Peru');
INSERT INTO ups.country (id, country_code, country_name) VALUES (171, 'PH', 'Philippines');
INSERT INTO ups.country (id, country_code, country_name) VALUES (172, 'PN', 'Pitcairn');
INSERT INTO ups.country (id, country_code, country_name) VALUES (173, 'PL', 'Poland');
INSERT INTO ups.country (id, country_code, country_name) VALUES (174, 'PT', 'Portugal');
INSERT INTO ups.country (id, country_code, country_name) VALUES (175, 'PR', 'Puerto Rico');
INSERT INTO ups.country (id, country_code, country_name) VALUES (176, 'QA', 'Qatar');
INSERT INTO ups.country (id, country_code, country_name) VALUES (177, 'RE', 'Reunion');
INSERT INTO ups.country (id, country_code, country_name) VALUES (178, 'RO', 'Romania');
INSERT INTO ups.country (id, country_code, country_name) VALUES (179, 'RU', 'Russian Federation');
INSERT INTO ups.country (id, country_code, country_name) VALUES (180, 'RW', 'Rwanda');
INSERT INTO ups.country (id, country_code, country_name) VALUES (181, 'KN', 'Saint Kitts and Nevis');
INSERT INTO ups.country (id, country_code, country_name) VALUES (182, 'LC', 'Saint Lucia');
INSERT INTO ups.country (id, country_code, country_name) VALUES (183, 'VC', 'Saint Vincent and the Grenadines');
INSERT INTO ups.country (id, country_code, country_name) VALUES (184, 'WS', 'Samoa');
INSERT INTO ups.country (id, country_code, country_name) VALUES (185, 'SM', 'San Marino');
INSERT INTO ups.country (id, country_code, country_name) VALUES (186, 'ST', 'Sao Tome and Principe');
INSERT INTO ups.country (id, country_code, country_name) VALUES (187, 'SA', 'Saudi Arabia');
INSERT INTO ups.country (id, country_code, country_name) VALUES (188, 'SN', 'Senegal');
INSERT INTO ups.country (id, country_code, country_name) VALUES (189, 'RS', 'Serbia');
INSERT INTO ups.country (id, country_code, country_name) VALUES (190, 'SC', 'Seychelles');
INSERT INTO ups.country (id, country_code, country_name) VALUES (191, 'SL', 'Sierra Leone');
INSERT INTO ups.country (id, country_code, country_name) VALUES (192, 'SG', 'Singapore');
INSERT INTO ups.country (id, country_code, country_name) VALUES (193, 'SK', 'Slovakia');
INSERT INTO ups.country (id, country_code, country_name) VALUES (194, 'SI', 'Slovenia');
INSERT INTO ups.country (id, country_code, country_name) VALUES (195, 'SB', 'Solomon Islands');
INSERT INTO ups.country (id, country_code, country_name) VALUES (196, 'SO', 'Somalia');
INSERT INTO ups.country (id, country_code, country_name) VALUES (197, 'ZA', 'South Africa');
INSERT INTO ups.country (id, country_code, country_name) VALUES (198, 'GS', 'South Georgia South Sandwich Islands');
INSERT INTO ups.country (id, country_code, country_name) VALUES (199, 'ES', 'Spain');
INSERT INTO ups.country (id, country_code, country_name) VALUES (200, 'LK', 'Sri Lanka');
INSERT INTO ups.country (id, country_code, country_name) VALUES (201, 'SH', 'St. Helena');
INSERT INTO ups.country (id, country_code, country_name) VALUES (202, 'PM', 'St. Pierre and Miquelon');
INSERT INTO ups.country (id, country_code, country_name) VALUES (203, 'SD', 'Sudan');
INSERT INTO ups.country (id, country_code, country_name) VALUES (204, 'SR', 'Suriname');
INSERT INTO ups.country (id, country_code, country_name) VALUES (205, 'SJ', 'Svalbard and Jan Mayen Islands');
INSERT INTO ups.country (id, country_code, country_name) VALUES (206, 'SZ', 'Swaziland');
INSERT INTO ups.country (id, country_code, country_name) VALUES (207, 'SE', 'Sweden');
INSERT INTO ups.country (id, country_code, country_name) VALUES (208, 'CH', 'Switzerland');
INSERT INTO ups.country (id, country_code, country_name) VALUES (209, 'SY', 'Syrian Arab Republic');
INSERT INTO ups.country (id, country_code, country_name) VALUES (210, 'TW', 'Taiwan');
INSERT INTO ups.country (id, country_code, country_name) VALUES (211, 'TJ', 'Tajikistan');
INSERT INTO ups.country (id, country_code, country_name) VALUES (212, 'TZ', 'Tanzania, United Republic of');
INSERT INTO ups.country (id, country_code, country_name) VALUES (213, 'TH', 'Thailand');
INSERT INTO ups.country (id, country_code, country_name) VALUES (214, 'TG', 'Togo');
INSERT INTO ups.country (id, country_code, country_name) VALUES (215, 'TK', 'Tokelau');
INSERT INTO ups.country (id, country_code, country_name) VALUES (216, 'TO', 'Tonga');
INSERT INTO ups.country (id, country_code, country_name) VALUES (217, 'TT', 'Trinidad and Tobago');
INSERT INTO ups.country (id, country_code, country_name) VALUES (218, 'TN', 'Tunisia');
INSERT INTO ups.country (id, country_code, country_name) VALUES (219, 'TR', 'Turkey');
INSERT INTO ups.country (id, country_code, country_name) VALUES (220, 'TM', 'Turkmenistan');
INSERT INTO ups.country (id, country_code, country_name) VALUES (221, 'TC', 'Turks and Caicos Islands');
INSERT INTO ups.country (id, country_code, country_name) VALUES (222, 'TV', 'Tuvalu');
INSERT INTO ups.country (id, country_code, country_name) VALUES (223, 'UG', 'Uganda');
INSERT INTO ups.country (id, country_code, country_name) VALUES (224, 'UA', 'Ukraine');
INSERT INTO ups.country (id, country_code, country_name) VALUES (225, 'AE', 'United Arab Emirates');
INSERT INTO ups.country (id, country_code, country_name) VALUES (226, 'GB', 'United Kingdom');
INSERT INTO ups.country (id, country_code, country_name) VALUES (227, 'UM', 'United States minor outlying islands');
INSERT INTO ups.country (id, country_code, country_name) VALUES (228, 'UY', 'Uruguay');
INSERT INTO ups.country (id, country_code, country_name) VALUES (229, 'UZ', 'Uzbekistan');
INSERT INTO ups.country (id, country_code, country_name) VALUES (230, 'VU', 'Vanuatu');
INSERT INTO ups.country (id, country_code, country_name) VALUES (231, 'VA', 'Vatican City State');
INSERT INTO ups.country (id, country_code, country_name) VALUES (232, 'VE', 'Venezuela');
INSERT INTO ups.country (id, country_code, country_name) VALUES (233, 'VN', 'Vietnam');
INSERT INTO ups.country (id, country_code, country_name) VALUES (234, 'VG', 'Virgin Islands (British)');
INSERT INTO ups.country (id, country_code, country_name) VALUES (235, 'VI', 'Virgin Islands (U.S.)');
INSERT INTO ups.country (id, country_code, country_name) VALUES (236, 'WF', 'Wallis and Futuna Islands');
INSERT INTO ups.country (id, country_code, country_name) VALUES (237, 'EH', 'Western Sahara');
INSERT INTO ups.country (id, country_code, country_name) VALUES (238, 'YE', 'Yemen');
INSERT INTO ups.country (id, country_code, country_name) VALUES (239, 'YU', 'Yugoslavia');
INSERT INTO ups.country (id, country_code, country_name) VALUES (240, 'ZR', 'Zaire');
INSERT INTO ups.country (id, country_code, country_name) VALUES (241, 'ZM', 'Zambia');
INSERT INTO ups.country (id, country_code, country_name) VALUES (242, 'ZW', 'Zimbabwe');

-- Adding post office location
INSERT INTO ups.location(id, x, y) VALUES (1, 18.35399749999999, 43.8495915);
INSERT INTO ups.location(id, x, y) VALUES (2,18.697584099999972, 44.2302617);
INSERT INTO ups.location(id, x, y) VALUES (3, 18.70192069999996, 44.53286629999999);
INSERT INTO ups.location(id, x, y) VALUES (4, 18.811436100000037, 44.8740526);
INSERT INTO ups.location(id, x, y) VALUES (5, 14.515460699999949, 46.086484);
INSERT INTO ups.location(id, x, y) VALUES (6, 11.120037000000025, 46.0695767);
INSERT INTO ups.location(id, x, y) VALUES (7, 13.051009300000032, 47.7997758);
INSERT INTO ups.location(id, x, y) VALUES (8, 11.553509399999939, 48.1310878);
INSERT INTO ups.location(id, x, y) VALUES (9, 9.17429560000005, 48.7764029);
INSERT INTO ups.location(id, x, y) VALUES (10, 4.3476729000000205, 50.8528658);

-- Adding post offices
INSERT INTO ups.post_office(id, name, address, place_id, country_id) VALUES (1, 'Poslovnica Sarajevo', 'Dzemala Bijedica 20, Sarajevo', 1, 29);
INSERT INTO ups.post_office(id, name, address, place_id, country_id) VALUES (2, 'Poslovnica Kladanj', 'Kladanjskih brigada, Kladanj', 2, 29);
INSERT INTO ups.post_office(id, name, address, place_id, country_id) VALUES (3, 'Poslovnica Tuzla', 'Ismeta Mujazinovica, Tuzla', 3, 29);
INSERT INTO ups.post_office(id, name, address, place_id, country_id) VALUES (4, 'Poslovnica Brcko', 'Klosterska, Brcko', 4, 29);
INSERT INTO ups.post_office(id, name, address, place_id, country_id) VALUES (5, 'Poslovnica Ljubljana', 'Dunajska cesta, Ljubljana', 5, 194);
INSERT INTO ups.post_office(id, name, address, place_id, country_id) VALUES (6, 'Poslovnica Trento', 'Via Roma, Trento', 6, 105);
INSERT INTO ups.post_office(id, name, address, place_id, country_id) VALUES (7, 'Poslovnica Salzburg', 'Giselakai, Salzburg', 7, 16);
INSERT INTO ups.post_office(id, name, address, place_id, country_id) VALUES (8, 'Poslovnica Minhen', 'Bavariaring, Minhen', 8, 81);
INSERT INTO ups.post_office(id, name, address, place_id, country_id) VALUES (9, 'Poslovnica Studgard', 'Clawer Str, Studgard', 9, 81);
INSERT INTO ups.post_office(id, name, address, place_id, country_id) VALUES (10, 'Poslovnica Brisel', 'Rue du Rouieau, Brisel', 10, 23);



-- Adding post office workers
--
INSERT INTO ups.user (id, first_name, last_name, password, email, type_of_user, post_office_id, token, validated) VALUES (7, 'Office', 'Worker', 'dff8206d22a9219f77c5094de90a5f83', 'office@sarajevo.com', '2', 1, NULL, 1);
INSERT INTO ups.user (id, first_name, last_name, password, email, type_of_user, post_office_id, token, validated) VALUES (8, 'Office', 'Worker', 'dff8206d22a9219f77c5094de90a5f83', 'office@kladanj.com', '2', 2, NULL, 1);
INSERT INTO ups.user (id, first_name, last_name, password, email, type_of_user, post_office_id, token, validated) VALUES (9, 'Office', 'Worker', 'dff8206d22a9219f77c5094de90a5f83', 'office@tuzla.com', '2', 3, NULL, 1);
INSERT INTO ups.user (id, first_name, last_name, password, email, type_of_user, post_office_id, token, validated) VALUES (10, 'Office', 'Worker', 'dff8206d22a9219f77c5094de90a5f83', 'office@brcko.com', '2', 4, NULL, 1);
INSERT INTO ups.user (id, first_name, last_name, password, email, type_of_user, post_office_id, token, validated) VALUES (11, 'Office', 'Worker', 'dff8206d22a9219f77c5094de90a5f83', 'office@ljubljana.com', '2', 5, NULL, 1);
INSERT INTO ups.user (id, first_name, last_name, password, email, type_of_user, post_office_id, token, validated) VALUES (12, 'Office', 'Worker', 'dff8206d22a9219f77c5094de90a5f83', 'office@trento.com', '2', 6, NULL, 1);
INSERT INTO ups.user (id, first_name, last_name, password, email, type_of_user, post_office_id, token, validated) VALUES (13, 'Office', 'Worker', 'dff8206d22a9219f77c5094de90a5f83', 'office@salzburg.com', '2', 7, NULL, 1);
INSERT INTO ups.user (id, first_name, last_name, password, email, type_of_user, post_office_id, token, validated) VALUES (14, 'Office', 'Worker', 'dff8206d22a9219f77c5094de90a5f83', 'office@minhen.com', '2', 8, NULL, 1);
INSERT INTO ups.user (id, first_name, last_name, password, email, type_of_user, post_office_id, token, validated) VALUES (15, 'Office', 'Worker', 'dff8206d22a9219f77c5094de90a5f83', 'office@studgard.com', '2', 9, NULL, 1);
INSERT INTO ups.user (id, first_name, last_name, password, email, type_of_user, post_office_id, token, validated) VALUES (16, 'Office', 'Worker', 'dff8206d22a9219f77c5094de90a5f83', 'office@brisel.com', '2', 10, NULL, 1);


-- Adding post office delivery
INSERT INTO ups.user (id, first_name, last_name, password, email, type_of_user, post_office_id, token, validated) VALUES (17, 'Delivery', 'Worker', 'dff8206d22a9219f77c5094de90a5f83', 'delivery@sarajevo.com', '4', 1, NULL, 1);
INSERT INTO ups.user (id, first_name, last_name, password, email, type_of_user, post_office_id, token, validated) VALUES (18, 'Delivery', 'Worker', 'dff8206d22a9219f77c5094de90a5f83', 'delivery@kladanj.com', '4', 2, NULL, 1);
INSERT INTO ups.user (id, first_name, last_name, password, email, type_of_user, post_office_id, token, validated) VALUES (19, 'Delivery', 'Worker', 'dff8206d22a9219f77c5094de90a5f83', 'delivery@tuzla.com', '4', 3, NULL, 1);
INSERT INTO ups.user (id, first_name, last_name, password, email, type_of_user, post_office_id, token, validated) VALUES (20, 'Delivery', 'Worker', 'dff8206d22a9219f77c5094de90a5f83', 'delivery@brcko.com', '4', 4, NULL, 1);
INSERT INTO ups.user (id, first_name, last_name, password, email, type_of_user, post_office_id, token, validated) VALUES (21, 'Delivery', 'Worker', 'dff8206d22a9219f77c5094de90a5f83', 'delivery@ljubljana.com', '4', 5, NULL, 1);
INSERT INTO ups.user (id, first_name, last_name, password, email, type_of_user, post_office_id, token, validated) VALUES (22, 'Delivery', 'Worker', 'dff8206d22a9219f77c5094de90a5f83', 'delivery@trento.com', '4', 6, NULL, 1);
INSERT INTO ups.user (id, first_name, last_name, password, email, type_of_user, post_office_id, token, validated) VALUES (23, 'Delivery', 'Worker', 'dff8206d22a9219f77c5094de90a5f83', 'delivery@salzburg.com', '4', 7, NULL, 1);
INSERT INTO ups.user (id, first_name, last_name, password, email, type_of_user, post_office_id, token, validated) VALUES (24, 'Delivery', 'Worker', 'dff8206d22a9219f77c5094de90a5f83', 'delivery@minhen.com', '4', 8, NULL, 1);
INSERT INTO ups.user (id, first_name, last_name, password, email, type_of_user, post_office_id, token, validated) VALUES (25, 'Delivery', 'Worker', 'dff8206d22a9219f77c5094de90a5f83', 'delivery@studgard.com', '4', 9, NULL, 1);
INSERT INTO ups.user (id, first_name, last_name, password, email, type_of_user, post_office_id, token, validated) VALUES (26, 'Delivery', 'Worker', 'dff8206d22a9219f77c5094de90a5f83', 'delivery@brisel.com', '4', 10, NULL, 1);

-- Adding FAQ

INSERT INTO ups.faq (id, question, answer) VALUES (1, 'How do I get a BIT Tracking Account?', 'Applying for a BIT Tracking account is easy.Open an account online (register).');
INSERT INTO ups.faq (id, question, answer) VALUES (2, 'Do I need a BIT Tracking account to ship?', 'I order to ship online using BIT Tracking account login is required. Register online,and than log in');
INSERT INTO ups.faq (id, question, answer) VALUES (3, 'How do I check the status of a package without the BIT Tracking number?', 'If you do not have access to a tracking number, you can not track your shipment. ');
INSERT INTO ups.faq (id, question, answer) VALUES (4, 'Can I get copy of the delivery signature', 'You will receive confirmation email about package status.');
INSERT INTO ups.faq (id, question, answer) VALUES (5, 'Can I reroute a BIT Tracking package in transit or make an address correction', 'A reroute is a request to change a delivery address from what eas originally on the shipping label. BIT Tracking can not reroute package.');
INSERT INTO ups.faq (id, question, answer) VALUES (6, 'What does the status on route means?', 'On Route status stand for package is on a route to the post office.');
INSERT INTO ups.faq (id, question, answer) VALUES (7, 'What does the status delivered means?', 'Delivered status means the package is in destination post office.');
INSERT INTO ups.faq (id, question, answer) VALUES (8, 'What shipping documents do I need to ship a BIT Tracking package?','To ship a BIT Tracking package, you will need to complete Create package form.You can complete it online. You must use your BIT Tracking account and type in the required information.');
INSERT INTO ups.faq (id, question, answer) VALUES (9, 'What happens when no one is available at my home or office to accept a shipment?', 'If you are not available to accept delivery of your shipment, your courier may leave you a delivery attempt notice with information on when the next delivery attempt will be made. If you need more information about a package, please contact BIT Tracking Service. You can also track the status of you shipment online.');
INSERT INTO ups.faq (id, question, answer) VALUES (10, 'As a student, what is the best way for me to get information about BIT Tracking?', 'We suggest that you explore the About BIT Tracking section of this web site. About BIT Tracking offers a wealth of information about BIT Tracking, investor relations and more. Please contact Mladen Develop for any additional information:))');
