# --- !Ups

-- Adding users to database
INSERT INTO ups.user (id, first_name, last_name, password, email, type_of_user, post_office_id, token, validated) VALUES (1, 'Admin', 'BitTracking', 'e00cf25ad42683b3df678c61f42c6bda', 'admin@bitcamp.ba', '1', NULL, NULL, 1);
INSERT INTO ups.user (id, first_name, last_name, password, email, type_of_user, post_office_id, token, validated) VALUES (2, 'Mladen', 'Teofilovic', 'dff8206d22a9219f77c5094de90a5f83', 'mladen.teofilovic@bitcamp.ba', '3', NULL, NULL, 1);
INSERT INTO ups.user (id, first_name, last_name, password, email, type_of_user, post_office_id, token, validated) VALUES (3, 'Emina', 'Arapcic', 'dff8206d22a9219f77c5094de90a5f83', 'emina.arapcic@bitcamp.ba', '3', NULL, NULL, 1);
INSERT INTO ups.user (id, first_name, last_name, password, email, type_of_user, post_office_id, token, validated) VALUES (4, 'Kristina', 'Pupavac', 'dff8206d22a9219f77c5094de90a5f83', 'kristina.pupavac@bitcamp.ba', '3', NULL, NULL, 1);
INSERT INTO ups.user (id, first_name, last_name, password, email, type_of_user, post_office_id, token, validated) VALUES (5, 'Edin', 'Pilavdzic', 'dff8206d22a9219f77c5094de90a5f83', 'edin.pilavdzic@bitcamp.ba', '3', NULL, NULL, 1);
INSERT INTO ups.user (id, first_name, last_name, password, email, type_of_user, post_office_id, token, validated) VALUES (6, 'Ajdin', 'Brkic', 'dff8206d22a9219f77c5094de90a5f83', 'ajdin.brkic@bitcamp.ba', '3', NULL, NULL, 1);

-- Adding countries
INSERT INTO ups.country (id, iso2, country_name, short_name, iso3, numcode, unmember, calling_code, cct_id) VALUES (1, 'AF', 'Afghanistan', 'Islamic Republic of Afghanistan', 'AFG', '004', 'yes', '93', '.af');
INSERT INTO ups.country (id, iso2, country_name, short_name, iso3, numcode, unmember, calling_code, cct_id) VALUES (2, 'AX', 'Aland Islands', 'land Islands', 'ALA', '248', 'no', '358', '.ax');
INSERT INTO ups.country (id, iso2, country_name, short_name, iso3, numcode, unmember, calling_code, cct_id) VALUES (3, 'AL', 'Albania', 'Republic of Albania', 'ALB', '008', 'yes', '355', '.al');
INSERT INTO ups.country (id, iso2, country_name, short_name, iso3, numcode, unmember, calling_code, cct_id) VALUES (4, 'DZ', 'Algeria', 'People''s Democratic Republic of Algeria', 'DZA', '012', 'yes', '213', '.dz');
INSERT INTO ups.country (id, iso2, country_name, short_name, iso3, numcode, unmember, calling_code, cct_id) VALUES (5, 'AS', 'American Samoa', 'American Samoa', 'ASM', '016', 'no', '1+684', '.as');
INSERT INTO ups.country (id, iso2, country_name, short_name, iso3, numcode, unmember, calling_code, cct_id) VALUES (6, 'AD', 'Andorra', 'Principality of Andorra', 'AND', '020', 'yes', '376', '.ad');
INSERT INTO ups.country (id, iso2, country_name, short_name, iso3, numcode, unmember, calling_code, cct_id) VALUES (7, 'AO', 'Angola', 'Republic of Angola', 'AGO', '024', 'yes', '244', '.ao');
INSERT INTO ups.country (id, iso2, country_name, short_name, iso3, numcode, unmember, calling_code, cct_id) VALUES (8, 'AI', 'Anguilla', 'Anguilla', 'AIA', '660', 'no', '1+264', '.ai');
INSERT INTO ups.country (id, iso2, country_name, short_name, iso3, numcode, unmember, calling_code, cct_id) VALUES (9, 'AQ', 'Antarctica', 'Antarctica', 'ATA', '010', 'no', '672', '.aq');
INSERT INTO ups.country (id, iso2, country_name, short_name, iso3, numcode, unmember, calling_code, cct_id) VALUES (10, 'AG', 'Antigua and Barbuda', 'Antigua and Barbuda', 'ATG', '028', 'yes', '1+268', '.ag');
INSERT INTO ups.country (id, iso2, country_name, short_name, iso3, numcode, unmember, calling_code, cct_id) VALUES (11, 'AR', 'Argentina', 'Argentine Republic', 'ARG', '032', 'yes', '54', '.ar');
INSERT INTO ups.country (id, iso2, country_name, short_name, iso3, numcode, unmember, calling_code, cct_id) VALUES (12, 'AM', 'Armenia', 'Republic of Armenia', 'ARM', '051', 'yes', '374', '.am');
INSERT INTO ups.country (id, iso2, country_name, short_name, iso3, numcode, unmember, calling_code, cct_id) VALUES (13, 'AW', 'Aruba', 'Aruba', 'ABW', '533', 'no', '297', '.aw');
INSERT INTO ups.country (id, iso2, country_name, short_name, iso3, numcode, unmember, calling_code, cct_id) VALUES (14, 'AU', 'Australia', 'Commonwealth of Australia', 'AUS', '036', 'yes', '61', '.au');
INSERT INTO ups.country (id, iso2, country_name, short_name, iso3, numcode, unmember, calling_code, cct_id) VALUES (15, 'AT', 'Austria', 'Republic of Austria', 'AUT', '040', 'yes', '43', '.at');
INSERT INTO ups.country (id, iso2, country_name, short_name, iso3, numcode, unmember, calling_code, cct_id) VALUES (16, 'AZ', 'Azerbaijan', 'Republic of Azerbaijan', 'AZE', '031', 'yes', '994', '.az');
INSERT INTO ups.country (id, iso2, country_name, short_name, iso3, numcode, unmember, calling_code, cct_id) VALUES (17, 'BS', 'Bahamas', 'Commonwealth of The Bahamas', 'BHS', '044', 'yes', '1+242', '.bs');
INSERT INTO ups.country (id, iso2, country_name, short_name, iso3, numcode, unmember, calling_code, cct_id) VALUES (18, 'BH', 'Bahrain', 'Kingdom of Bahrain', 'BHR', '048', 'yes', '973', '.bh');
INSERT INTO ups.country (id, iso2, country_name, short_name, iso3, numcode, unmember, calling_code, cct_id) VALUES (19, 'BD', 'Bangladesh', 'People''s Republic of Bangladesh', 'BGD', '050', 'yes', '880', '.bd');
INSERT INTO ups.country (id, iso2, country_name, short_name, iso3, numcode, unmember, calling_code, cct_id) VALUES (20, 'BB', 'Barbados', 'Barbados', 'BRB', '052', 'yes', '1+246', '.bb');
INSERT INTO ups.country (id, iso2, country_name, short_name, iso3, numcode, unmember, calling_code, cct_id) VALUES (21, 'BY', 'Belarus', 'Republic of Belarus', 'BLR', '112', 'yes', '375', '.by');
INSERT INTO ups.country (id, iso2, country_name, short_name, iso3, numcode, unmember, calling_code, cct_id) VALUES (22, 'BE', 'Belgium', 'Kingdom of Belgium', 'BEL', '056', 'yes', '32', '.be');
INSERT INTO ups.country (id, iso2, country_name, short_name, iso3, numcode, unmember, calling_code, cct_id) VALUES (23, 'BZ', 'Belize', 'Belize', 'BLZ', '084', 'yes', '501', '.bz');
INSERT INTO ups.country (id, iso2, country_name, short_name, iso3, numcode, unmember, calling_code, cct_id) VALUES (24, 'BJ', 'Benin', 'Republic of Benin', 'BEN', '204', 'yes', '229', '.bj');
INSERT INTO ups.country (id, iso2, country_name, short_name, iso3, numcode, unmember, calling_code, cct_id) VALUES (25, 'BM', 'Bermuda', 'Bermuda Islands', 'BMU', '060', 'no', '1+441', '.bm');
INSERT INTO ups.country (id, iso2, country_name, short_name, iso3, numcode, unmember, calling_code, cct_id) VALUES (26, 'BT', 'Bhutan', 'Kingdom of Bhutan', 'BTN', '064', 'yes', '975', '.bt');
INSERT INTO ups.country (id, iso2, country_name, short_name, iso3, numcode, unmember, calling_code, cct_id) VALUES (27, 'BO', 'Bolivia', 'Plurinational State of Bolivia', 'BOL', '068', 'yes', '591', '.bo');
INSERT INTO ups.country (id, iso2, country_name, short_name, iso3, numcode, unmember, calling_code, cct_id) VALUES (28, 'BQ', 'Bonaire, Sint Eustatius and Saba', 'Bonaire, Sint Eustatius and Saba', 'BES', '535', 'no', '599', '.bq');
INSERT INTO ups.country (id, iso2, country_name, short_name, iso3, numcode, unmember, calling_code, cct_id) VALUES (29, 'BA', 'Bosnia and Herzegovina', 'Bosnia and Herzegovina', 'BIH', '070', 'yes', '387', '.ba');
INSERT INTO ups.country (id, iso2, country_name, short_name, iso3, numcode, unmember, calling_code, cct_id) VALUES (30, 'BW', 'Botswana', 'Republic of Botswana', 'BWA', '072', 'yes', '267', '.bw');
INSERT INTO ups.country (id, iso2, country_name, short_name, iso3, numcode, unmember, calling_code, cct_id) VALUES (31, 'BV', 'Bouvet Island', 'Bouvet Island', 'BVT', '074', 'no', 'NONE', '.bv');
INSERT INTO ups.country (id, iso2, country_name, short_name, iso3, numcode, unmember, calling_code, cct_id) VALUES (32, 'BR', 'Brazil', 'Federative Republic of Brazil', 'BRA', '076', 'yes', '55', '.br');
INSERT INTO ups.country (id, iso2, country_name, short_name, iso3, numcode, unmember, calling_code, cct_id) VALUES (33, 'IO', 'British Indian Ocean Territory', 'British Indian Ocean Territory', 'IOT', '086', 'no', '246', '.io');
INSERT INTO ups.country (id, iso2, country_name, short_name, iso3, numcode, unmember, calling_code, cct_id) VALUES (34, 'BN', 'Brunei', 'Brunei Darussalam', 'BRN', '096', 'yes', '673', '.bn');
INSERT INTO ups.country (id, iso2, country_name, short_name, iso3, numcode, unmember, calling_code, cct_id) VALUES (35, 'BG', 'Bulgaria', 'Republic of Bulgaria', 'BGR', '100', 'yes', '359', '.bg');
INSERT INTO ups.country (id, iso2, country_name, short_name, iso3, numcode, unmember, calling_code, cct_id) VALUES (36, 'BF', 'Burkina Faso', 'Burkina Faso', 'BFA', '854', 'yes', '226', '.bf');
INSERT INTO ups.country (id, iso2, country_name, short_name, iso3, numcode, unmember, calling_code, cct_id) VALUES (37, 'BI', 'Burundi', 'Republic of Burundi', 'BDI', '108', 'yes', '257', '.bi');
INSERT INTO ups.country (id, iso2, country_name, short_name, iso3, numcode, unmember, calling_code, cct_id) VALUES (38, 'KH', 'Cambodia', 'Kingdom of Cambodia', 'KHM', '116', 'yes', '855', '.kh');
INSERT INTO ups.country (id, iso2, country_name, short_name, iso3, numcode, unmember, calling_code, cct_id) VALUES (39, 'CM', 'Cameroon', 'Republic of Cameroon', 'CMR', '120', 'yes', '237', '.cm');
INSERT INTO ups.country (id, iso2, country_name, short_name, iso3, numcode, unmember, calling_code, cct_id) VALUES (40, 'CA', 'Canada', 'Canada', 'CAN', '124', 'yes', '1', '.ca');
INSERT INTO ups.country (id, iso2, country_name, short_name, iso3, numcode, unmember, calling_code, cct_id) VALUES (41, 'CV', 'Cape Verde', 'Republic of Cape Verde', 'CPV', '132', 'yes', '238', '.cv');
INSERT INTO ups.country (id, iso2, country_name, short_name, iso3, numcode, unmember, calling_code, cct_id) VALUES (42, 'KY', 'Cayman Islands', 'The Cayman Islands', 'CYM', '136', 'no', '1+345', '.ky');
INSERT INTO ups.country (id, iso2, country_name, short_name, iso3, numcode, unmember, calling_code, cct_id) VALUES (43, 'CF', 'Central African Republic', 'Central African Republic', 'CAF', '140', 'yes', '236', '.cf');
INSERT INTO ups.country (id, iso2, country_name, short_name, iso3, numcode, unmember, calling_code, cct_id) VALUES (44, 'TD', 'Chad', 'Republic of Chad', 'TCD', '148', 'yes', '235', '.td');
INSERT INTO ups.country (id, iso2, country_name, short_name, iso3, numcode, unmember, calling_code, cct_id) VALUES (45, 'CL', 'Chile', 'Republic of Chile', 'CHL', '152', 'yes', '56', '.cl');
INSERT INTO ups.country (id, iso2, country_name, short_name, iso3, numcode, unmember, calling_code, cct_id) VALUES (46, 'CN', 'China', 'People''s Republic of China', 'CHN', '156', 'yes', '86', '.cn');
INSERT INTO ups.country (id, iso2, country_name, short_name, iso3, numcode, unmember, calling_code, cct_id) VALUES (47, 'CX', 'Christmas Island', 'Christmas Island', 'CXR', '162', 'no', '61', '.cx');
INSERT INTO ups.country (id, iso2, country_name, short_name, iso3, numcode, unmember, calling_code, cct_id) VALUES (48, 'CC', 'Cocos (Keeling) Islands', 'Cocos (Keeling) Islands', 'CCK', '166', 'no', '61', '.cc');
INSERT INTO ups.country (id, iso2, country_name, short_name, iso3, numcode, unmember, calling_code, cct_id) VALUES (49, 'CO', 'Colombia', 'Republic of Colombia', 'COL', '170', 'yes', '57', '.co');
INSERT INTO ups.country (id, iso2, country_name, short_name, iso3, numcode, unmember, calling_code, cct_id) VALUES (50, 'KM', 'Comoros', 'Union of the Comoros', 'COM', '174', 'yes', '269', '.km');
INSERT INTO ups.country (id, iso2, country_name, short_name, iso3, numcode, unmember, calling_code, cct_id) VALUES (51, 'CG', 'Congo', 'Republic of the Congo', 'COG', '178', 'yes', '242', '.cg');
INSERT INTO ups.country (id, iso2, country_name, short_name, iso3, numcode, unmember, calling_code, cct_id) VALUES (52, 'CK', 'Cook Islands', 'Cook Islands', 'COK', '184', 'some', '682', '.ck');
INSERT INTO ups.country (id, iso2, country_name, short_name, iso3, numcode, unmember, calling_code, cct_id) VALUES (53, 'CR', 'Costa Rica', 'Republic of Costa Rica', 'CRI', '188', 'yes', '506', '.cr');
INSERT INTO ups.country (id, iso2, country_name, short_name, iso3, numcode, unmember, calling_code, cct_id) VALUES (54, 'CI', 'Cote d''ivoire (Ivory Coast)', 'Republic of Ciocircte D''Ivoire (Ivory Coast)', 'CIV', '384', 'yes', '225', '.ci');
INSERT INTO ups.country (id, iso2, country_name, short_name, iso3, numcode, unmember, calling_code, cct_id) VALUES (55, 'HR', 'Croatia', 'Republic of Croatia', 'HRV', '191', 'yes', '385', '.hr');
INSERT INTO ups.country (id, iso2, country_name, short_name, iso3, numcode, unmember, calling_code, cct_id) VALUES (56, 'CU', 'Cuba', 'Republic of Cuba', 'CUB', '192', 'yes', '53', '.cu');
INSERT INTO ups.country (id, iso2, country_name, short_name, iso3, numcode, unmember, calling_code, cct_id) VALUES (57, 'CW', 'Curacao', 'Curaiccedilao', 'CUW', '531', 'no', '599', '.cw');
INSERT INTO ups.country (id, iso2, country_name, short_name, iso3, numcode, unmember, calling_code, cct_id) VALUES (58, 'CY', 'Cyprus', 'Republic of Cyprus', 'CYP', '196', 'yes', '357', '.cy');
INSERT INTO ups.country (id, iso2, country_name, short_name, iso3, numcode, unmember, calling_code, cct_id) VALUES (59, 'CZ', 'Czech Republic', 'Czech Republic', 'CZE', '203', 'yes', '420', '.cz');
INSERT INTO ups.country (id, iso2, country_name, short_name, iso3, numcode, unmember, calling_code, cct_id) VALUES (60, 'CD', 'Democratic Republic of the Congo', 'Democratic Republic of the Congo', 'COD', '180', 'yes', '243', '.cd');
INSERT INTO ups.country (id, iso2, country_name, short_name, iso3, numcode, unmember, calling_code, cct_id) VALUES (61, 'DK', 'Denmark', 'Kingdom of Denmark', 'DNK', '208', 'yes', '45', '.dk');
INSERT INTO ups.country (id, iso2, country_name, short_name, iso3, numcode, unmember, calling_code, cct_id) VALUES (62, 'DJ', 'Djibouti', 'Republic of Djibouti', 'DJI', '262', 'yes', '253', '.dj');
INSERT INTO ups.country (id, iso2, country_name, short_name, iso3, numcode, unmember, calling_code, cct_id) VALUES (63, 'DM', 'Dominica', 'Commonwealth of Dominica', 'DMA', '212', 'yes', '1+767', '.dm');
INSERT INTO ups.country (id, iso2, country_name, short_name, iso3, numcode, unmember, calling_code, cct_id) VALUES (64, 'DO', 'Dominican Republic', 'Dominican Republic', 'DOM', '214', 'yes', '1+809, 8', '.do');
INSERT INTO ups.country (id, iso2, country_name, short_name, iso3, numcode, unmember, calling_code, cct_id) VALUES (65, 'EC', 'Ecuador', 'Republic of Ecuador', 'ECU', '218', 'yes', '593', '.ec');
INSERT INTO ups.country (id, iso2, country_name, short_name, iso3, numcode, unmember, calling_code, cct_id) VALUES (66, 'EG', 'Egypt', 'Arab Republic of Egypt', 'EGY', '818', 'yes', '20', '.eg');
INSERT INTO ups.country (id, iso2, country_name, short_name, iso3, numcode, unmember, calling_code, cct_id) VALUES (67, 'SV', 'El Salvador', 'Republic of El Salvador', 'SLV', '222', 'yes', '503', '.sv');
INSERT INTO ups.country (id, iso2, country_name, short_name, iso3, numcode, unmember, calling_code, cct_id) VALUES (68, 'GQ', 'Equatorial Guinea', 'Republic of Equatorial Guinea', 'GNQ', '226', 'yes', '240', '.gq');
INSERT INTO ups.country (id, iso2, country_name, short_name, iso3, numcode, unmember, calling_code, cct_id) VALUES (69, 'ER', 'Eritrea', 'State of Eritrea', 'ERI', '232', 'yes', '291', '.er');
INSERT INTO ups.country (id, iso2, country_name, short_name, iso3, numcode, unmember, calling_code, cct_id) VALUES (70, 'EE', 'Estonia', 'Republic of Estonia', 'EST', '233', 'yes', '372', '.ee');
INSERT INTO ups.country (id, iso2, country_name, short_name, iso3, numcode, unmember, calling_code, cct_id) VALUES (71, 'ET', 'Ethiopia', 'Federal Democratic Republic of Ethiopia', 'ETH', '231', 'yes', '251', '.et');
INSERT INTO ups.country (id, iso2, country_name, short_name, iso3, numcode, unmember, calling_code, cct_id) VALUES (72, 'FK', 'Falkland Islands (Malvinas)', 'The Falkland Islands (Malvinas)', 'FLK', '238', 'no', '500', '.fk');
INSERT INTO ups.country (id, iso2, country_name, short_name, iso3, numcode, unmember, calling_code, cct_id) VALUES (73, 'FO', 'Faroe Islands', 'The Faroe Islands', 'FRO', '234', 'no', '298', '.fo');
INSERT INTO ups.country (id, iso2, country_name, short_name, iso3, numcode, unmember, calling_code, cct_id) VALUES (74, 'FJ', 'Fiji', 'Republic of Fiji', 'FJI', '242', 'yes', '679', '.fj');
INSERT INTO ups.country (id, iso2, country_name, short_name, iso3, numcode, unmember, calling_code, cct_id) VALUES (75, 'FI', 'Finland', 'Republic of Finland', 'FIN', '246', 'yes', '358', '.fi');
INSERT INTO ups.country (id, iso2, country_name, short_name, iso3, numcode, unmember, calling_code, cct_id) VALUES (76, 'FR', 'France', 'French Republic', 'FRA', '250', 'yes', '33', '.fr');
INSERT INTO ups.country (id, iso2, country_name, short_name, iso3, numcode, unmember, calling_code, cct_id) VALUES (77, 'GF', 'French Guiana', 'French Guiana', 'GUF', '254', 'no', '594', '.gf');
INSERT INTO ups.country (id, iso2, country_name, short_name, iso3, numcode, unmember, calling_code, cct_id) VALUES (78, 'PF', 'French Polynesia', 'French Polynesia', 'PYF', '258', 'no', '689', '.pf');
INSERT INTO ups.country (id, iso2, country_name, short_name, iso3, numcode, unmember, calling_code, cct_id) VALUES (79, 'TF', 'French Southern Territories', 'French Southern Territories', 'ATF', '260', 'no', NULL, '.tf');
INSERT INTO ups.country (id, iso2, country_name, short_name, iso3, numcode, unmember, calling_code, cct_id) VALUES (80, 'GA', 'Gabon', 'Gabonese Republic', 'GAB', '266', 'yes', '241', '.ga');
INSERT INTO ups.country (id, iso2, country_name, short_name, iso3, numcode, unmember, calling_code, cct_id) VALUES (81, 'GM', 'Gambia', 'Republic of The Gambia', 'GMB', '270', 'yes', '220', '.gm');
INSERT INTO ups.country (id, iso2, country_name, short_name, iso3, numcode, unmember, calling_code, cct_id) VALUES (82, 'GE', 'Georgia', 'Georgia', 'GEO', '268', 'yes', '995', '.ge');
INSERT INTO ups.country (id, iso2, country_name, short_name, iso3, numcode, unmember, calling_code, cct_id) VALUES (83, 'DE', 'Germany', 'Federal Republic of Germany', 'DEU', '276', 'yes', '49', '.de');
INSERT INTO ups.country (id, iso2, country_name, short_name, iso3, numcode, unmember, calling_code, cct_id) VALUES (84, 'GH', 'Ghana', 'Republic of Ghana', 'GHA', '288', 'yes', '233', '.gh');
INSERT INTO ups.country (id, iso2, country_name, short_name, iso3, numcode, unmember, calling_code, cct_id) VALUES (85, 'GI', 'Gibraltar', 'Gibraltar', 'GIB', '292', 'no', '350', '.gi');
INSERT INTO ups.country (id, iso2, country_name, short_name, iso3, numcode, unmember, calling_code, cct_id) VALUES (86, 'GR', 'Greece', 'Hellenic Republic', 'GRC', '300', 'yes', '30', '.gr');
INSERT INTO ups.country (id, iso2, country_name, short_name, iso3, numcode, unmember, calling_code, cct_id) VALUES (87, 'GL', 'Greenland', 'Greenland', 'GRL', '304', 'no', '299', '.gl');
INSERT INTO ups.country (id, iso2, country_name, short_name, iso3, numcode, unmember, calling_code, cct_id) VALUES (88, 'GD', 'Grenada', 'Grenada', 'GRD', '308', 'yes', '1+473', '.gd');
INSERT INTO ups.country (id, iso2, country_name, short_name, iso3, numcode, unmember, calling_code, cct_id) VALUES (89, 'GP', 'Guadaloupe', 'Guadeloupe', 'GLP', '312', 'no', '590', '.gp');
INSERT INTO ups.country (id, iso2, country_name, short_name, iso3, numcode, unmember, calling_code, cct_id) VALUES (90, 'GU', 'Guam', 'Guam', 'GUM', '316', 'no', '1+671', '.gu');
INSERT INTO ups.country (id, iso2, country_name, short_name, iso3, numcode, unmember, calling_code, cct_id) VALUES (91, 'GT', 'Guatemala', 'Republic of Guatemala', 'GTM', '320', 'yes', '502', '.gt');
INSERT INTO ups.country (id, iso2, country_name, short_name, iso3, numcode, unmember, calling_code, cct_id) VALUES (92, 'GG', 'Guernsey', 'Guernsey', 'GGY', '831', 'no', '44', '.gg');
INSERT INTO ups.country (id, iso2, country_name, short_name, iso3, numcode, unmember, calling_code, cct_id) VALUES (93, 'GN', 'Guinea', 'Republic of Guinea', 'GIN', '324', 'yes', '224', '.gn');
INSERT INTO ups.country (id, iso2, country_name, short_name, iso3, numcode, unmember, calling_code, cct_id) VALUES (94, 'GW', 'Guinea-Bissau', 'Republic of Guinea-Bissau', 'GNB', '624', 'yes', '245', '.gw');
INSERT INTO ups.country (id, iso2, country_name, short_name, iso3, numcode, unmember, calling_code, cct_id) VALUES (95, 'GY', 'Guyana', 'Co-operative Republic of Guyana', 'GUY', '328', 'yes', '592', '.gy');
INSERT INTO ups.country (id, iso2, country_name, short_name, iso3, numcode, unmember, calling_code, cct_id) VALUES (96, 'HT', 'Haiti', 'Republic of Haiti', 'HTI', '332', 'yes', '509', '.ht');
INSERT INTO ups.country (id, iso2, country_name, short_name, iso3, numcode, unmember, calling_code, cct_id) VALUES (97, 'HM', 'Heard Island and McDonald Islands', 'Heard Island and McDonald Islands', 'HMD', '334', 'no', 'NONE', '.hm');
INSERT INTO ups.country (id, iso2, country_name, short_name, iso3, numcode, unmember, calling_code, cct_id) VALUES (98, 'HN', 'Honduras', 'Republic of Honduras', 'HND', '340', 'yes', '504', '.hn');
INSERT INTO ups.country (id, iso2, country_name, short_name, iso3, numcode, unmember, calling_code, cct_id) VALUES (99, 'HK', 'Hong Kong', 'Hong Kong', 'HKG', '344', 'no', '852', '.hk');
INSERT INTO ups.country (id, iso2, country_name, short_name, iso3, numcode, unmember, calling_code, cct_id) VALUES (100, 'HU', 'Hungary', 'Hungary', 'HUN', '348', 'yes', '36', '.hu');
INSERT INTO ups.country (id, iso2, country_name, short_name, iso3, numcode, unmember, calling_code, cct_id) VALUES (101, 'IS', 'Iceland', 'Republic of Iceland', 'ISL', '352', 'yes', '354', '.is');
INSERT INTO ups.country (id, iso2, country_name, short_name, iso3, numcode, unmember, calling_code, cct_id) VALUES (102, 'IN', 'India', 'Republic of India', 'IND', '356', 'yes', '91', '.in');
INSERT INTO ups.country (id, iso2, country_name, short_name, iso3, numcode, unmember, calling_code, cct_id) VALUES (103, 'ID', 'Indonesia', 'Republic of Indonesia', 'IDN', '360', 'yes', '62', '.id');
INSERT INTO ups.country (id, iso2, country_name, short_name, iso3, numcode, unmember, calling_code, cct_id) VALUES (104, 'IR', 'Iran', 'Islamic Republic of Iran', 'IRN', '364', 'yes', '98', '.ir');
INSERT INTO ups.country (id, iso2, country_name, short_name, iso3, numcode, unmember, calling_code, cct_id) VALUES (105, 'IQ', 'Iraq', 'Republic of Iraq', 'IRQ', '368', 'yes', '964', '.iq');
INSERT INTO ups.country (id, iso2, country_name, short_name, iso3, numcode, unmember, calling_code, cct_id) VALUES (106, 'IE', 'Ireland', 'Ireland', 'IRL', '372', 'yes', '353', '.ie');
INSERT INTO ups.country (id, iso2, country_name, short_name, iso3, numcode, unmember, calling_code, cct_id) VALUES (107, 'IM', 'Isle of Man', 'Isle of Man', 'IMN', '833', 'no', '44', '.im');
INSERT INTO ups.country (id, iso2, country_name, short_name, iso3, numcode, unmember, calling_code, cct_id) VALUES (108, 'IL', 'Israel', 'State of Israel', 'ISR', '376', 'yes', '972', '.il');
INSERT INTO ups.country (id, iso2, country_name, short_name, iso3, numcode, unmember, calling_code, cct_id) VALUES (109, 'IT', 'Italy', 'Italian Republic', 'ITA', '380', 'yes', '39', '.jm');
INSERT INTO ups.country (id, iso2, country_name, short_name, iso3, numcode, unmember, calling_code, cct_id) VALUES (110, 'JM', 'Jamaica', 'Jamaica', 'JAM', '388', 'yes', '1+876', '.jm');
INSERT INTO ups.country (id, iso2, country_name, short_name, iso3, numcode, unmember, calling_code, cct_id) VALUES (111, 'JP', 'Japan', 'Japan', 'JPN', '392', 'yes', '81', '.jp');
INSERT INTO ups.country (id, iso2, country_name, short_name, iso3, numcode, unmember, calling_code, cct_id) VALUES (112, 'JE', 'Jersey', 'The Bailiwick of Jersey', 'JEY', '832', 'no', '44', '.je');
INSERT INTO ups.country (id, iso2, country_name, short_name, iso3, numcode, unmember, calling_code, cct_id) VALUES (113, 'JO', 'Jordan', 'Hashemite Kingdom of Jordan', 'JOR', '400', 'yes', '962', '.jo');
INSERT INTO ups.country (id, iso2, country_name, short_name, iso3, numcode, unmember, calling_code, cct_id) VALUES (114, 'KZ', 'Kazakhstan', 'Republic of Kazakhstan', 'KAZ', '398', 'yes', '7', '.kz');
INSERT INTO ups.country (id, iso2, country_name, short_name, iso3, numcode, unmember, calling_code, cct_id) VALUES (115, 'KE', 'Kenya', 'Republic of Kenya', 'KEN', '404', 'yes', '254', '.ke');
INSERT INTO ups.country (id, iso2, country_name, short_name, iso3, numcode, unmember, calling_code, cct_id) VALUES (116, 'KI', 'Kiribati', 'Republic of Kiribati', 'KIR', '296', 'yes', '686', '.ki');
INSERT INTO ups.country (id, iso2, country_name, short_name, iso3, numcode, unmember, calling_code, cct_id) VALUES (117, 'XK', 'Kosovo', 'Republic of Kosovo', '---', '---', 'some', '381', '');
INSERT INTO ups.country (id, iso2, country_name, short_name, iso3, numcode, unmember, calling_code, cct_id) VALUES (118, 'KW', 'Kuwait', 'State of Kuwait', 'KWT', '414', 'yes', '965', '.kw');
INSERT INTO ups.country (id, iso2, country_name, short_name, iso3, numcode, unmember, calling_code, cct_id) VALUES (119, 'KG', 'Kyrgyzstan', 'Kyrgyz Republic', 'KGZ', '417', 'yes', '996', '.kg');
INSERT INTO ups.country (id, iso2, country_name, short_name, iso3, numcode, unmember, calling_code, cct_id) VALUES (120, 'LA', 'Laos', 'Lao People''s Democratic Republic', 'LAO', '418', 'yes', '856', '.la');
INSERT INTO ups.country (id, iso2, country_name, short_name, iso3, numcode, unmember, calling_code, cct_id) VALUES (121, 'LV', 'Latvia', 'Republic of Latvia', 'LVA', '428', 'yes', '371', '.lv');
INSERT INTO ups.country (id, iso2, country_name, short_name, iso3, numcode, unmember, calling_code, cct_id) VALUES (122, 'LB', 'Lebanon', 'Republic of Lebanon', 'LBN', '422', 'yes', '961', '.lb');
INSERT INTO ups.country (id, iso2, country_name, short_name, iso3, numcode, unmember, calling_code, cct_id) VALUES (123, 'LS', 'Lesotho', 'Kingdom of Lesotho', 'LSO', '426', 'yes', '266', '.ls');
INSERT INTO ups.country (id, iso2, country_name, short_name, iso3, numcode, unmember, calling_code, cct_id) VALUES (124, 'LR', 'Liberia', 'Republic of Liberia', 'LBR', '430', 'yes', '231', '.lr');
INSERT INTO ups.country (id, iso2, country_name, short_name, iso3, numcode, unmember, calling_code, cct_id) VALUES (125, 'LY', 'Libya', 'Libya', 'LBY', '434', 'yes', '218', '.ly');
INSERT INTO ups.country (id, iso2, country_name, short_name, iso3, numcode, unmember, calling_code, cct_id) VALUES (126, 'LI', 'Liechtenstein', 'Principality of Liechtenstein', 'LIE', '438', 'yes', '423', '.li');
INSERT INTO ups.country (id, iso2, country_name, short_name, iso3, numcode, unmember, calling_code, cct_id) VALUES (127, 'LT', 'Lithuania', 'Republic of Lithuania', 'LTU', '440', 'yes', '370', '.lt');
INSERT INTO ups.country (id, iso2, country_name, short_name, iso3, numcode, unmember, calling_code, cct_id) VALUES (128, 'LU', 'Luxembourg', 'Grand Duchy of Luxembourg', 'LUX', '442', 'yes', '352', '.lu');
INSERT INTO ups.country (id, iso2, country_name, short_name, iso3, numcode, unmember, calling_code, cct_id) VALUES (129, 'MO', 'Macao', 'The Macao Special Administrative Region', 'MAC', '446', 'no', '853', '.mo');
INSERT INTO ups.country (id, iso2, country_name, short_name, iso3, numcode, unmember, calling_code, cct_id) VALUES (130, 'MK', 'Macedonia', 'The Former Yugoslav Republic of Macedonia', 'MKD', '807', 'yes', '389', '.mk');
INSERT INTO ups.country (id, iso2, country_name, short_name, iso3, numcode, unmember, calling_code, cct_id) VALUES (131, 'MG', 'Madagascar', 'Republic of Madagascar', 'MDG', '450', 'yes', '261', '.mg');
INSERT INTO ups.country (id, iso2, country_name, short_name, iso3, numcode, unmember, calling_code, cct_id) VALUES (132, 'MW', 'Malawi', 'Republic of Malawi', 'MWI', '454', 'yes', '265', '.mw');
INSERT INTO ups.country (id, iso2, country_name, short_name, iso3, numcode, unmember, calling_code, cct_id) VALUES (133, 'MY', 'Malaysia', 'Malaysia', 'MYS', '458', 'yes', '60', '.my');
INSERT INTO ups.country (id, iso2, country_name, short_name, iso3, numcode, unmember, calling_code, cct_id) VALUES (134, 'MV', 'Maldives', 'Republic of Maldives', 'MDV', '462', 'yes', '960', '.mv');
INSERT INTO ups.country (id, iso2, country_name, short_name, iso3, numcode, unmember, calling_code, cct_id) VALUES (135, 'ML', 'Mali', 'Republic of Mali', 'MLI', '466', 'yes', '223', '.ml');
INSERT INTO ups.country (id, iso2, country_name, short_name, iso3, numcode, unmember, calling_code, cct_id) VALUES (136, 'MT', 'Malta', 'Republic of Malta', 'MLT', '470', 'yes', '356', '.mt');
INSERT INTO ups.country (id, iso2, country_name, short_name, iso3, numcode, unmember, calling_code, cct_id) VALUES (137, 'MH', 'Marshall Islands', 'Republic of the Marshall Islands', 'MHL', '584', 'yes', '692', '.mh');
INSERT INTO ups.country (id, iso2, country_name, short_name, iso3, numcode, unmember, calling_code, cct_id) VALUES (138, 'MQ', 'Martinique', 'Martinique', 'MTQ', '474', 'no', '596', '.mq');
INSERT INTO ups.country (id, iso2, country_name, short_name, iso3, numcode, unmember, calling_code, cct_id) VALUES (139, 'MR', 'Mauritania', 'Islamic Republic of Mauritania', 'MRT', '478', 'yes', '222', '.mr');
INSERT INTO ups.country (id, iso2, country_name, short_name, iso3, numcode, unmember, calling_code, cct_id) VALUES (140, 'MU', 'Mauritius', 'Republic of Mauritius', 'MUS', '480', 'yes', '230', '.mu');
INSERT INTO ups.country (id, iso2, country_name, short_name, iso3, numcode, unmember, calling_code, cct_id) VALUES (141, 'YT', 'Mayotte', 'Mayotte', 'MYT', '175', 'no', '262', '.yt');
INSERT INTO ups.country (id, iso2, country_name, short_name, iso3, numcode, unmember, calling_code, cct_id) VALUES (142, 'MX', 'Mexico', 'United Mexican States', 'MEX', '484', 'yes', '52', '.mx');
INSERT INTO ups.country (id, iso2, country_name, short_name, iso3, numcode, unmember, calling_code, cct_id) VALUES (143, 'FM', 'Micronesia', 'Federated States of Micronesia', 'FSM', '583', 'yes', '691', '.fm');
INSERT INTO ups.country (id, iso2, country_name, short_name, iso3, numcode, unmember, calling_code, cct_id) VALUES (144, 'MD', 'Moldava', 'Republic of Moldova', 'MDA', '498', 'yes', '373', '.md');
INSERT INTO ups.country (id, iso2, country_name, short_name, iso3, numcode, unmember, calling_code, cct_id) VALUES (145, 'MC', 'Monaco', 'Principality of Monaco', 'MCO', '492', 'yes', '377', '.mc');
INSERT INTO ups.country (id, iso2, country_name, short_name, iso3, numcode, unmember, calling_code, cct_id) VALUES (146, 'MN', 'Mongolia', 'Mongolia', 'MNG', '496', 'yes', '976', '.mn');
INSERT INTO ups.country (id, iso2, country_name, short_name, iso3, numcode, unmember, calling_code, cct_id) VALUES (147, 'ME', 'Montenegro', 'Montenegro', 'MNE', '499', 'yes', '382', '.me');
INSERT INTO ups.country (id, iso2, country_name, short_name, iso3, numcode, unmember, calling_code, cct_id) VALUES (148, 'MS', 'Montserrat', 'Montserrat', 'MSR', '500', 'no', '1+664', '.ms');
INSERT INTO ups.country (id, iso2, country_name, short_name, iso3, numcode, unmember, calling_code, cct_id) VALUES (149, 'MA', 'Morocco', 'Kingdom of Morocco', 'MAR', '504', 'yes', '212', '.ma');
INSERT INTO ups.country (id, iso2, country_name, short_name, iso3, numcode, unmember, calling_code, cct_id) VALUES (150, 'MZ', 'Mozambique', 'Republic of Mozambique', 'MOZ', '508', 'yes', '258', '.mz');
INSERT INTO ups.country (id, iso2, country_name, short_name, iso3, numcode, unmember, calling_code, cct_id) VALUES (151, 'MM', 'Myanmar (Burma)', 'Republic of the Union of Myanmar', 'MMR', '104', 'yes', '95', '.mm');
INSERT INTO ups.country (id, iso2, country_name, short_name, iso3, numcode, unmember, calling_code, cct_id) VALUES (152, 'NA', 'Namibia', 'Republic of Namibia', 'NAM', '516', 'yes', '264', '.na');
INSERT INTO ups.country (id, iso2, country_name, short_name, iso3, numcode, unmember, calling_code, cct_id) VALUES (153, 'NR', 'Nauru', 'Republic of Nauru', 'NRU', '520', 'yes', '674', '.nr');
INSERT INTO ups.country (id, iso2, country_name, short_name, iso3, numcode, unmember, calling_code, cct_id) VALUES (154, 'NP', 'Nepal', 'Federal Democratic Republic of Nepal', 'NPL', '524', 'yes', '977', '.np');
INSERT INTO ups.country (id, iso2, country_name, short_name, iso3, numcode, unmember, calling_code, cct_id) VALUES (155, 'NL', 'Netherlands', 'Kingdom of the Netherlands', 'NLD', '528', 'yes', '31', '.nl');
INSERT INTO ups.country (id, iso2, country_name, short_name, iso3, numcode, unmember, calling_code, cct_id) VALUES (156, 'NC', 'New Caledonia', 'New Caledonia', 'NCL', '540', 'no', '687', '.nc');
INSERT INTO ups.country (id, iso2, country_name, short_name, iso3, numcode, unmember, calling_code, cct_id) VALUES (157, 'NZ', 'New Zealand', 'New Zealand', 'NZL', '554', 'yes', '64', '.nz');
INSERT INTO ups.country (id, iso2, country_name, short_name, iso3, numcode, unmember, calling_code, cct_id) VALUES (158, 'NI', 'Nicaragua', 'Republic of Nicaragua', 'NIC', '558', 'yes', '505', '.ni');
INSERT INTO ups.country (id, iso2, country_name, short_name, iso3, numcode, unmember, calling_code, cct_id) VALUES (159, 'NE', 'Niger', 'Republic of Niger', 'NER', '562', 'yes', '227', '.ne');
INSERT INTO ups.country (id, iso2, country_name, short_name, iso3, numcode, unmember, calling_code, cct_id) VALUES (160, 'NG', 'Nigeria', 'Federal Republic of Nigeria', 'NGA', '566', 'yes', '234', '.ng');
INSERT INTO ups.country (id, iso2, country_name, short_name, iso3, numcode, unmember, calling_code, cct_id) VALUES (161, 'NU', 'Niue', 'Niue', 'NIU', '570', 'some', '683', '.nu');
INSERT INTO ups.country (id, iso2, country_name, short_name, iso3, numcode, unmember, calling_code, cct_id) VALUES (162, 'NF', 'Norfolk Island', 'Norfolk Island', 'NFK', '574', 'no', '672', '.nf');
INSERT INTO ups.country (id, iso2, country_name, short_name, iso3, numcode, unmember, calling_code, cct_id) VALUES (163, 'KP', 'North Korea', 'Democratic People''s Republic of Korea', 'PRK', '408', 'yes', '850', '.kp');
INSERT INTO ups.country (id, iso2, country_name, short_name, iso3, numcode, unmember, calling_code, cct_id) VALUES (164, 'MP', 'Northern Mariana Islands', 'Northern Mariana Islands', 'MNP', '580', 'no', '1+670', '.mp');
INSERT INTO ups.country (id, iso2, country_name, short_name, iso3, numcode, unmember, calling_code, cct_id) VALUES (165, 'NO', 'Norway', 'Kingdom of Norway', 'NOR', '578', 'yes', '47', '.no');
INSERT INTO ups.country (id, iso2, country_name, short_name, iso3, numcode, unmember, calling_code, cct_id) VALUES (166, 'OM', 'Oman', 'Sultanate of Oman', 'OMN', '512', 'yes', '968', '.om');
INSERT INTO ups.country (id, iso2, country_name, short_name, iso3, numcode, unmember, calling_code, cct_id) VALUES (167, 'PK', 'Pakistan', 'Islamic Republic of Pakistan', 'PAK', '586', 'yes', '92', '.pk');
INSERT INTO ups.country (id, iso2, country_name, short_name, iso3, numcode, unmember, calling_code, cct_id) VALUES (168, 'PW', 'Palau', 'Republic of Palau', 'PLW', '585', 'yes', '680', '.pw');
INSERT INTO ups.country (id, iso2, country_name, short_name, iso3, numcode, unmember, calling_code, cct_id) VALUES (169, 'PS', 'Palestine', 'State of Palestine (or Occupied Palestinian Territory)', 'PSE', '275', 'some', '970', '.ps');
INSERT INTO ups.country (id, iso2, country_name, short_name, iso3, numcode, unmember, calling_code, cct_id) VALUES (170, 'PA', 'Panama', 'Republic of Panama', 'PAN', '591', 'yes', '507', '.pa');
INSERT INTO ups.country (id, iso2, country_name, short_name, iso3, numcode, unmember, calling_code, cct_id) VALUES (171, 'PG', 'Papua New Guinea', 'Independent State of Papua New Guinea', 'PNG', '598', 'yes', '675', '.pg');
INSERT INTO ups.country (id, iso2, country_name, short_name, iso3, numcode, unmember, calling_code, cct_id) VALUES (172, 'PY', 'Paraguay', 'Republic of Paraguay', 'PRY', '600', 'yes', '595', '.py');
INSERT INTO ups.country (id, iso2, country_name, short_name, iso3, numcode, unmember, calling_code, cct_id) VALUES (173, 'PE', 'Peru', 'Republic of Peru', 'PER', '604', 'yes', '51', '.pe');
INSERT INTO ups.country (id, iso2, country_name, short_name, iso3, numcode, unmember, calling_code, cct_id) VALUES (174, 'PH', 'Phillipines', 'Republic of the Philippines', 'PHL', '608', 'yes', '63', '.ph');
INSERT INTO ups.country (id, iso2, country_name, short_name, iso3, numcode, unmember, calling_code, cct_id) VALUES (175, 'PN', 'Pitcairn', 'Pitcairn', 'PCN', '612', 'no', 'NONE', '.pn');
INSERT INTO ups.country (id, iso2, country_name, short_name, iso3, numcode, unmember, calling_code, cct_id) VALUES (176, 'PL', 'Poland', 'Republic of Poland', 'POL', '616', 'yes', '48', '.pl');
INSERT INTO ups.country (id, iso2, country_name, short_name, iso3, numcode, unmember, calling_code, cct_id) VALUES (177, 'PT', 'Portugal', 'Portuguese Republic', 'PRT', '620', 'yes', '351', '.pt');
INSERT INTO ups.country (id, iso2, country_name, short_name, iso3, numcode, unmember, calling_code, cct_id) VALUES (178, 'PR', 'Puerto Rico', 'Commonwealth of Puerto Rico', 'PRI', '630', 'no', '1+939', '.pr');
INSERT INTO ups.country (id, iso2, country_name, short_name, iso3, numcode, unmember, calling_code, cct_id) VALUES (179, 'QA', 'Qatar', 'State of Qatar', 'QAT', '634', 'yes', '974', '.qa');
INSERT INTO ups.country (id, iso2, country_name, short_name, iso3, numcode, unmember, calling_code, cct_id) VALUES (180, 'RE', 'Reunion', 'Rieacuteunion', 'REU', '638', 'no', '262', '.re');
INSERT INTO ups.country (id, iso2, country_name, short_name, iso3, numcode, unmember, calling_code, cct_id) VALUES (181, 'RO', 'Romania', 'Romania', 'ROU', '642', 'yes', '40', '.ro');
INSERT INTO ups.country (id, iso2, country_name, short_name, iso3, numcode, unmember, calling_code, cct_id) VALUES (182, 'RU', 'Russia', 'Russian Federation', 'RUS', '643', 'yes', '7', '.ru');
INSERT INTO ups.country (id, iso2, country_name, short_name, iso3, numcode, unmember, calling_code, cct_id) VALUES (183, 'RW', 'Rwanda', 'Republic of Rwanda', 'RWA', '646', 'yes', '250', '.rw');
INSERT INTO ups.country (id, iso2, country_name, short_name, iso3, numcode, unmember, calling_code, cct_id) VALUES (184, 'BL', 'Saint Barthelemy', 'Saint Barthieacutelemy', 'BLM', '652', 'no', '590', '.bl');
INSERT INTO ups.country (id, iso2, country_name, short_name, iso3, numcode, unmember, calling_code, cct_id) VALUES (185, 'SH', 'Saint Helena', 'Saint Helena, Ascension and Tristan da Cunha', 'SHN', '654', 'no', '290', '.sh');
INSERT INTO ups.country (id, iso2, country_name, short_name, iso3, numcode, unmember, calling_code, cct_id) VALUES (186, 'KN', 'Saint Kitts and Nevis', 'Federation of Saint Christopher and Nevis', 'KNA', '659', 'yes', '1+869', '.kn');
INSERT INTO ups.country (id, iso2, country_name, short_name, iso3, numcode, unmember, calling_code, cct_id) VALUES (187, 'LC', 'Saint Lucia', 'Saint Lucia', 'LCA', '662', 'yes', '1+758', '.lc');
INSERT INTO ups.country (id, iso2, country_name, short_name, iso3, numcode, unmember, calling_code, cct_id) VALUES (188, 'MF', 'Saint Martin', 'Saint Martin', 'MAF', '663', 'no', '590', '.mf');
INSERT INTO ups.country (id, iso2, country_name, short_name, iso3, numcode, unmember, calling_code, cct_id) VALUES (189, 'PM', 'Saint Pierre and Miquelon', 'Saint Pierre and Miquelon', 'SPM', '666', 'no', '508', '.pm');
INSERT INTO ups.country (id, iso2, country_name, short_name, iso3, numcode, unmember, calling_code, cct_id) VALUES (190, 'VC', 'Saint Vincent and the Grenadines', 'Saint Vincent and the Grenadines', 'VCT', '670', 'yes', '1+784', '.vc');
INSERT INTO ups.country (id, iso2, country_name, short_name, iso3, numcode, unmember, calling_code, cct_id) VALUES (191, 'WS', 'Samoa', 'Independent State of Samoa', 'WSM', '882', 'yes', '685', '.ws');
INSERT INTO ups.country (id, iso2, country_name, short_name, iso3, numcode, unmember, calling_code, cct_id) VALUES (192, 'SM', 'San Marino', 'Republic of San Marino', 'SMR', '674', 'yes', '378', '.sm');
INSERT INTO ups.country (id, iso2, country_name, short_name, iso3, numcode, unmember, calling_code, cct_id) VALUES (193, 'ST', 'Sao Tome and Principe', 'Democratic Republic of Siatildeo Tomieacute and Priiacutencipe', 'STP', '678', 'yes', '239', '.st');
INSERT INTO ups.country (id, iso2, country_name, short_name, iso3, numcode, unmember, calling_code, cct_id) VALUES (194, 'SA', 'Saudi Arabia', 'Kingdom of Saudi Arabia', 'SAU', '682', 'yes', '966', '.sa');
INSERT INTO ups.country (id, iso2, country_name, short_name, iso3, numcode, unmember, calling_code, cct_id) VALUES (195, 'SN', 'Senegal', 'Republic of Senegal', 'SEN', '686', 'yes', '221', '.sn');
INSERT INTO ups.country (id, iso2, country_name, short_name, iso3, numcode, unmember, calling_code, cct_id) VALUES (196, 'RS', 'Serbia', 'Republic of Serbia', 'SRB', '688', 'yes', '381', '.rs');
INSERT INTO ups.country (id, iso2, country_name, short_name, iso3, numcode, unmember, calling_code, cct_id) VALUES (197, 'SC', 'Seychelles', 'Republic of Seychelles', 'SYC', '690', 'yes', '248', '.sc');
INSERT INTO ups.country (id, iso2, country_name, short_name, iso3, numcode, unmember, calling_code, cct_id) VALUES (198, 'SL', 'Sierra Leone', 'Republic of Sierra Leone', 'SLE', '694', 'yes', '232', '.sl');
INSERT INTO ups.country (id, iso2, country_name, short_name, iso3, numcode, unmember, calling_code, cct_id) VALUES (199, 'SG', 'Singapore', 'Republic of Singapore', 'SGP', '702', 'yes', '65', '.sg');
INSERT INTO ups.country (id, iso2, country_name, short_name, iso3, numcode, unmember, calling_code, cct_id) VALUES (200, 'SX', 'Sint Maarten', 'Sint Maarten', 'SXM', '534', 'no', '1+721', '.sx');
INSERT INTO ups.country (id, iso2, country_name, short_name, iso3, numcode, unmember, calling_code, cct_id) VALUES (201, 'SK', 'Slovakia', 'Slovak Republic', 'SVK', '703', 'yes', '421', '.sk');
INSERT INTO ups.country (id, iso2, country_name, short_name, iso3, numcode, unmember, calling_code, cct_id) VALUES (202, 'SI', 'Slovenia', 'Republic of Slovenia', 'SVN', '705', 'yes', '386', '.si');
INSERT INTO ups.country (id, iso2, country_name, short_name, iso3, numcode, unmember, calling_code, cct_id) VALUES (203, 'SB', 'Solomon Islands', 'Solomon Islands', 'SLB', '090', 'yes', '677', '.sb');
INSERT INTO ups.country (id, iso2, country_name, short_name, iso3, numcode, unmember, calling_code, cct_id) VALUES (204, 'SO', 'Somalia', 'Somali Republic', 'SOM', '706', 'yes', '252', '.so');
INSERT INTO ups.country (id, iso2, country_name, short_name, iso3, numcode, unmember, calling_code, cct_id) VALUES (205, 'ZA', 'South Africa', 'Republic of South Africa', 'ZAF', '710', 'yes', '27', '.za');
INSERT INTO ups.country (id, iso2, country_name, short_name, iso3, numcode, unmember, calling_code, cct_id) VALUES (206, 'GS', 'South Georgia and the South Sandwich Islands', 'South Georgia and the South Sandwich Islands', 'SGS', '239', 'no', '500', '.gs');
INSERT INTO ups.country (id, iso2, country_name, short_name, iso3, numcode, unmember, calling_code, cct_id) VALUES (207, 'KR', 'South Korea', 'Republic of Korea', 'KOR', '410', 'yes', '82', '.kr');
INSERT INTO ups.country (id, iso2, country_name, short_name, iso3, numcode, unmember, calling_code, cct_id) VALUES (208, 'SS', 'South Sudan', 'Republic of South Sudan', 'SSD', '728', 'yes', '211', '.ss');
INSERT INTO ups.country (id, iso2, country_name, short_name, iso3, numcode, unmember, calling_code, cct_id) VALUES (209, 'ES', 'Spain', 'Kingdom of Spain', 'ESP', '724', 'yes', '34', '.es');
INSERT INTO ups.country (id, iso2, country_name, short_name, iso3, numcode, unmember, calling_code, cct_id) VALUES (210, 'LK', 'Sri Lanka', 'Democratic Socialist Republic of Sri Lanka', 'LKA', '144', 'yes', '94', '.lk');
INSERT INTO ups.country (id, iso2, country_name, short_name, iso3, numcode, unmember, calling_code, cct_id) VALUES (211, 'SD', 'Sudan', 'Republic of the Sudan', 'SDN', '729', 'yes', '249', '.sd');
INSERT INTO ups.country (id, iso2, country_name, short_name, iso3, numcode, unmember, calling_code, cct_id) VALUES (212, 'SR', 'Suriname', 'Republic of Suriname', 'SUR', '740', 'yes', '597', '.sr');
INSERT INTO ups.country (id, iso2, country_name, short_name, iso3, numcode, unmember, calling_code, cct_id) VALUES (213, 'SJ', 'Svalbard and Jan Mayen', 'Svalbard and Jan Mayen', 'SJM', '744', 'no', '47', '.sj');
INSERT INTO ups.country (id, iso2, country_name, short_name, iso3, numcode, unmember, calling_code, cct_id) VALUES (214, 'SZ', 'Swaziland', 'Kingdom of Swaziland', 'SWZ', '748', 'yes', '268', '.sz');
INSERT INTO ups.country (id, iso2, country_name, short_name, iso3, numcode, unmember, calling_code, cct_id) VALUES (215, 'SE', 'Sweden', 'Kingdom of Sweden', 'SWE', '752', 'yes', '46', '.se');
INSERT INTO ups.country (id, iso2, country_name, short_name, iso3, numcode, unmember, calling_code, cct_id) VALUES (216, 'CH', 'Switzerland', 'Swiss Confederation', 'CHE', '756', 'yes', '41', '.ch');
INSERT INTO ups.country (id, iso2, country_name, short_name, iso3, numcode, unmember, calling_code, cct_id) VALUES (217, 'SY', 'Syria', 'Syrian Arab Republic', 'SYR', '760', 'yes', '963', '.sy');
INSERT INTO ups.country (id, iso2, country_name, short_name, iso3, numcode, unmember, calling_code, cct_id) VALUES (218, 'TW', 'Taiwan', 'Republic of China (Taiwan)', 'TWN', '158', 'former', '886', '.tw');
INSERT INTO ups.country (id, iso2, country_name, short_name, iso3, numcode, unmember, calling_code, cct_id) VALUES (219, 'TJ', 'Tajikistan', 'Republic of Tajikistan', 'TJK', '762', 'yes', '992', '.tj');
INSERT INTO ups.country (id, iso2, country_name, short_name, iso3, numcode, unmember, calling_code, cct_id) VALUES (220, 'TZ', 'Tanzania', 'United Republic of Tanzania', 'TZA', '834', 'yes', '255', '.tz');
INSERT INTO ups.country (id, iso2, country_name, short_name, iso3, numcode, unmember, calling_code, cct_id) VALUES (221, 'TH', 'Thailand', 'Kingdom of Thailand', 'THA', '764', 'yes', '66', '.th');
INSERT INTO ups.country (id, iso2, country_name, short_name, iso3, numcode, unmember, calling_code, cct_id) VALUES (222, 'TL', 'Timor-Leste (East Timor)', 'Democratic Republic of Timor-Leste', 'TLS', '626', 'yes', '670', '.tl');
INSERT INTO ups.country (id, iso2, country_name, short_name, iso3, numcode, unmember, calling_code, cct_id) VALUES (223, 'TG', 'Togo', 'Togolese Republic', 'TGO', '768', 'yes', '228', '.tg');
INSERT INTO ups.country (id, iso2, country_name, short_name, iso3, numcode, unmember, calling_code, cct_id) VALUES (224, 'TK', 'Tokelau', 'Tokelau', 'TKL', '772', 'no', '690', '.tk');
INSERT INTO ups.country (id, iso2, country_name, short_name, iso3, numcode, unmember, calling_code, cct_id) VALUES (225, 'TO', 'Tonga', 'Kingdom of Tonga', 'TON', '776', 'yes', '676', '.to');
INSERT INTO ups.country (id, iso2, country_name, short_name, iso3, numcode, unmember, calling_code, cct_id) VALUES (226, 'TT', 'Trinidad and Tobago', 'Republic of Trinidad and Tobago', 'TTO', '780', 'yes', '1+868', '.tt');
INSERT INTO ups.country (id, iso2, country_name, short_name, iso3, numcode, unmember, calling_code, cct_id) VALUES (227, 'TN', 'Tunisia', 'Republic of Tunisia', 'TUN', '788', 'yes', '216', '.tn');
INSERT INTO ups.country (id, iso2, country_name, short_name, iso3, numcode, unmember, calling_code, cct_id) VALUES (228, 'TR', 'Turkey', 'Republic of Turkey', 'TUR', '792', 'yes', '90', '.tr');
INSERT INTO ups.country (id, iso2, country_name, short_name, iso3, numcode, unmember, calling_code, cct_id) VALUES (229, 'TM', 'Turkmenistan', 'Turkmenistan', 'TKM', '795', 'yes', '993', '.tm');
INSERT INTO ups.country (id, iso2, country_name, short_name, iso3, numcode, unmember, calling_code, cct_id) VALUES (230, 'TC', 'Turks and Caicos Islands', 'Turks and Caicos Islands', 'TCA', '796', 'no', '1+649', '.tc');
INSERT INTO ups.country (id, iso2, country_name, short_name, iso3, numcode, unmember, calling_code, cct_id) VALUES (231, 'TV', 'Tuvalu', 'Tuvalu', 'TUV', '798', 'yes', '688', '.tv');
INSERT INTO ups.country (id, iso2, country_name, short_name, iso3, numcode, unmember, calling_code, cct_id) VALUES (232, 'UG', 'Uganda', 'Republic of Uganda', 'UGA', '800', 'yes', '256', '.ug');
INSERT INTO ups.country (id, iso2, country_name, short_name, iso3, numcode, unmember, calling_code, cct_id) VALUES (233, 'UA', 'Ukraine', 'Ukraine', 'UKR', '804', 'yes', '380', '.ua');
INSERT INTO ups.country (id, iso2, country_name, short_name, iso3, numcode, unmember, calling_code, cct_id) VALUES (234, 'AE', 'United Arab Emirates', 'United Arab Emirates', 'ARE', '784', 'yes', '971', '.ae');
INSERT INTO ups.country (id, iso2, country_name, short_name, iso3, numcode, unmember, calling_code, cct_id) VALUES (235, 'GB', 'United Kingdom', 'United Kingdom of Great Britain and Nothern Ireland', 'GBR', '826', 'yes', '44', '.uk');
INSERT INTO ups.country (id, iso2, country_name, short_name, iso3, numcode, unmember, calling_code, cct_id) VALUES (236, 'US', 'United States', 'United States of America', 'USA', '840', 'yes', '1', '.us');
INSERT INTO ups.country (id, iso2, country_name, short_name, iso3, numcode, unmember, calling_code, cct_id) VALUES (237, 'UM', 'United States Minor Outlying Islands', 'United States Minor Outlying Islands', 'UMI', '581', 'no', 'NONE', 'NONE');
INSERT INTO ups.country (id, iso2, country_name, short_name, iso3, numcode, unmember, calling_code, cct_id) VALUES (238, 'UY', 'Uruguay', 'Eastern Republic of Uruguay', 'URY', '858', 'yes', '598', '.uy');
INSERT INTO ups.country (id, iso2, country_name, short_name, iso3, numcode, unmember, calling_code, cct_id) VALUES (239, 'UZ', 'Uzbekistan', 'Republic of Uzbekistan', 'UZB', '860', 'yes', '998', '.uz');
INSERT INTO ups.country (id, iso2, country_name, short_name, iso3, numcode, unmember, calling_code, cct_id) VALUES (240, 'VU', 'Vanuatu', 'Republic of Vanuatu', 'VUT', '548', 'yes', '678', '.vu');
INSERT INTO ups.country (id, iso2, country_name, short_name, iso3, numcode, unmember, calling_code, cct_id) VALUES (241, 'VA', 'Vatican City', 'State of the Vatican City', 'VAT', '336', 'no', '39', '.va');
INSERT INTO ups.country (id, iso2, country_name, short_name, iso3, numcode, unmember, calling_code, cct_id) VALUES (242, 'VE', 'Venezuela', 'Bolivarian Republic of Venezuela', 'VEN', '862', 'yes', '58', '.ve');
INSERT INTO ups.country (id, iso2, country_name, short_name, iso3, numcode, unmember, calling_code, cct_id) VALUES (243, 'VN', 'Vietnam', 'Socialist Republic of Vietnam', 'VNM', '704', 'yes', '84', '.vn');
INSERT INTO ups.country (id, iso2, country_name, short_name, iso3, numcode, unmember, calling_code, cct_id) VALUES (244, 'VG', 'Virgin Islands, British', 'British Virgin Islands', 'VGB', '092', 'no', '1+284', '.vg');
INSERT INTO ups.country (id, iso2, country_name, short_name, iso3, numcode, unmember, calling_code, cct_id) VALUES (245, 'VI', 'Virgin Islands, US', 'Virgin Islands of the United States', 'VIR', '850', 'no', '1+340', '.vi');
INSERT INTO ups.country (id, iso2, country_name, short_name, iso3, numcode, unmember, calling_code, cct_id) VALUES (246, 'WF', 'Wallis and Futuna', 'Wallis and Futuna', 'WLF', '876', 'no', '681', '.wf');
INSERT INTO ups.country (id, iso2, country_name, short_name, iso3, numcode, unmember, calling_code, cct_id) VALUES (247, 'EH', 'Western Sahara', 'Western Sahara', 'ESH', '732', 'no', '212', '.eh');
INSERT INTO ups.country (id, iso2, country_name, short_name, iso3, numcode, unmember, calling_code, cct_id) VALUES (248, 'YE', 'Yemen', 'Republic of Yemen', 'YEM', '887', 'yes', '967', '.ye');
INSERT INTO ups.country (id, iso2, country_name, short_name, iso3, numcode, unmember, calling_code, cct_id) VALUES (249, 'ZM', 'Zambia', 'Republic of Zambia', 'ZMB', '894', 'yes', '260', '.zm');
INSERT INTO ups.country (id, iso2, country_name, short_name, iso3, numcode, unmember, calling_code, cct_id) VALUES (250, 'ZW', 'Zimbabwe', 'Republic of Zimbabwe', 'ZWE', '716', 'yes', '263', '.zw');

-- Adding post office location
INSERT INTO ups.location(id, x, y) VALUES (1, 18.35399749999999, 43.8495915);
INSERT INTO ups.location(id, x, y) VALUES (2,18.697584099999972, 44.2302617);
INSERT INTO ups.location(id, x, y) VALUES (3, 18.70192069999996, 44.53286629999999);
INSERT INTO ups.location(id, x, y) VALUES (4, 18.811436100000037, 44.8740526);
INSERT INTO ups.location(id, x, y) VALUES (5, 14.515460699999949, 46.086484);
INSERT INTO ups.location(id, x, y) VALUES (6, 11.120037000000025, 46.0695767);
INSERT INTO ups.location(id, x, y) VALUES (7, 13.051009300000032, 47.7997758);
INSERT INTO ups.location(id, x, y) VALUES (8, 11.553509399999939, 48.1310878);
INSERT INTO ups.location(id, x, y) VALUES (9, 9.17429560000005, 48.7764029);


-- Adding post offices
INSERT INTO ups.post_office(id, name, address, place_id, country_id) VALUES (1, 'Poslovnica Sarajevo', 'Dzemala Bijedica 20, Sarajevo', 1, 29);
INSERT INTO ups.post_office(id, name, address, place_id, country_id) VALUES (2, 'Poslovnica Kladanj', 'Kladanjskih brigada, Kladanj', 2, 29);
INSERT INTO ups.post_office(id, name, address, place_id, country_id) VALUES (3, 'Poslovnica Tuzla', 'Ismeta Mujazinovica, Tuzla', 3, 29);
INSERT INTO ups.post_office(id, name, address, place_id, country_id) VALUES (4, 'Poslovnica Brcko', 'Klosterska, Brcko', 4, 29);
INSERT INTO ups.post_office(id, name, address, place_id, country_id) VALUES (5, 'Poslovnica Ljubljana', 'Dunajska cesta, Ljubljana', 5, 202);
INSERT INTO ups.post_office(id, name, address, place_id, country_id) VALUES (6, 'Poslovnica Trento', 'Via Roma, Trento', 6, 109);
INSERT INTO ups.post_office(id, name, address, place_id, country_id) VALUES (7, 'Poslovnica Salzburg', 'Giselakai, Salzburg', 7, 15);
INSERT INTO ups.post_office(id, name, address, place_id, country_id) VALUES (8, 'Poslovnica Minhen', 'Bavariaring, Minhen', 8, 83);
INSERT INTO ups.post_office(id, name, address, place_id, country_id) VALUES (9, 'Poslovnica Studgard', 'Clawer Str, Studgard', 9, 83);




-- Adding post office workers
--
INSERT INTO ups.user (id, first_name, last_name, password, email, type_of_user, post_office_id, token, validated) VALUES (7, 'Office', 'Worker', 'dff8206d22a9219f77c5094de90a5f83', 'office@sarajevo.com', '2', 1, NULL, 1);
INSERT INTO ups.user (id, first_name, last_name, password, email, type_of_user, post_office_id, token, validated) VALUES (8, 'Office', 'Worker', 'dff8206d22a9219f77c5094de90a5f83', 'office@kladanj.com', '2', 2, NULL, 1);
INSERT INTO ups.user (id, first_name, last_name, password, email, type_of_user, post_office_id, token, validated) VALUES (9, 'Office', 'Worker', 'dff8206d22a9219f77c5094de90a5f83', 'office@tuzla.com', '2', 3, NULL, 1);
INSERT INTO ups.user (id, first_name, last_name, password, email, type_of_user, post_office_id, token, validated) VALUES (10, 'Office', 'Worker', 'dff8206d22a9219f77c5094de90a5f83', 'office@brcko.com', '2', 4, NULL, 1);
INSERT INTO ups.user (id, first_name, last_name, password, email, type_of_user, post_office_id, token, validated) VALUES (11, 'Office', 'Worker', 'dff8206d22a9219f77c5094de90a5f83', 'office@ljubljana.com', '2', 5, NULL, 1);
INSERT INTO ups.user (id, first_name, last_name, password, email, type_of_user, post_office_id, token, validated) VALUES (12, 'Office', 'Worker', 'dff8206d22a9219f77c5094de90a5f83', 'office@trento.com', '2', 6, NULL, 1);
INSERT INTO ups.user (id, first_name, last_name, password, email, type_of_user, post_office_id, token, validated) VALUES (13, 'Office', 'Worker', 'dff8206d22a9219f77c5094de90a5f83', 'office@salzburg.com', '2', 7, NULL, 1);
INSERT INTO ups.user (id, first_name, last_name, password, email, type_of_user, post_office_id, token, validated) VALUES (14, 'Office', 'Worker', 'dff8206d22a9219f77c5094de90a5f83', 'office@minhen.com', '2', 8, NULL, 1);
INSERT INTO ups.user (id, first_name, last_name, password, email, type_of_user, post_office_id, token, validated) VALUES (15, 'Office', 'Worker', 'dff8206d22a9219f77c5094de90a5f83', 'office@studgard.com', '2', 9, NULL, 1);

-- Adding post office delivery
INSERT INTO ups.user (id, first_name, last_name, password, email, type_of_user, post_office_id, token, validated) VALUES (17, 'Delivery', 'Worker', 'dff8206d22a9219f77c5094de90a5f83', 'delivery@sarajevo.com', '4', 1, NULL, 1);
INSERT INTO ups.user (id, first_name, last_name, password, email, type_of_user, post_office_id, token, validated) VALUES (18, 'Delivery', 'Worker', 'dff8206d22a9219f77c5094de90a5f83', 'delivery@kladanj.com', '4', 2, NULL, 1);
INSERT INTO ups.user (id, first_name, last_name, password, email, type_of_user, post_office_id, token, validated) VALUES (19, 'Delivery', 'Worker', 'dff8206d22a9219f77c5094de90a5f83', 'delivery@tuzla.com', '4', 3, NULL, 1);
INSERT INTO ups.user (id, first_name, last_name, password, email, type_of_user, post_office_id, token, validated) VALUES (20, 'Delivery', 'Worker', 'dff8206d22a9219f77c5094de90a5f83', 'delivery@brcko.com', '4', 4, NULL, 1);
INSERT INTO ups.user (id, first_name, last_name, password, email, type_of_user, post_office_id, token, validated) VALUES (21, 'Delivery', 'Worker', 'dff8206d22a9219f77c5094de90a5f83', 'delivery@ljubljana.com', '4', 5, NULL, 1);
INSERT INTO ups.user (id, first_name, last_name, password, email, type_of_user, post_office_id, token, validated) VALUES (22, 'Delivery', 'Worker', 'dff8206d22a9219f77c5094de90a5f83', 'delivery@trento.com', '4', 6, NULL, 1);
INSERT INTO ups.user (id, first_name, last_name, password, email, type_of_user, post_office_id, token, validated) VALUES (23, 'Delivery', 'Worker', 'dff8206d22a9219f77c5094de90a5f83', 'delivery@salzburg.com', '4', 7, NULL, 1);
INSERT INTO ups.user (id, first_name, last_name, password, email, type_of_user, post_office_id, token, validated) VALUES (24, 'Delivery', 'Worker', 'dff8206d22a9219f77c5094de90a5f83', 'delivery@minhen.com', '4', 8, NULL, 1);
INSERT INTO ups.user (id, first_name, last_name, password, email, type_of_user, post_office_id, token, validated) VALUES (25, 'Delivery', 'Worker', 'dff8206d22a9219f77c5094de90a5f83', 'delivery@studgard.com', '4', 9, NULL, 1);
